date,DStv Stream,Download,Mr Price,Makro,Microsoft,Apple,Samsung,computer,laptop,monitor stand
2018-12-30,0,80,21,31,8,35,59,13,34,0
2018-12-31,0,84,18,29,7,32,59,11,31,0
2019-01-01,0,84,16,27,7,24,62,12,30,0
2019-01-02,0,75,22,29,6,42,67,14,47,0
2019-01-03,0,76,21,33,7,40,64,17,38,0
2019-01-04,0,79,23,26,8,42,61,21,36,0
2019-01-05,0,80,21,31,6,35,64,15,32,0
2019-01-06,0,76,18,31,8,34,69,15,39,0
2019-01-07,0,74,21,27,10,36,61,12,47,0
2019-01-08,0,86,19,30,13,39,59,16,46,0
2019-01-09,0,78,23,26,11,36,69,21,48,0
2019-01-10,0,74,19,26,12,32,61,21,44,0
2019-01-11,0,89,21,29,9,32,59,18,44,0
2019-01-12,0,88,20,25,8,31,51,9,42,0
2019-01-13,0,78,17,27,7,31,64,17,31,0
2019-01-14,0,71,20,32,13,41,67,25,48,0
2019-01-15,0,86,18,32,13,36,62,23,45,0
2019-01-16,0,78,22,28,14,31,51,24,46,0
2019-01-17,0,77,20,28,11,29,60,20,47,0
2019-01-18,0,84,21,33,12,30,55,18,39,0
2019-01-19,0,79,20,30,7,32,64,16,42,0
2019-01-20,0,77,24,26,7,29,70,15,37,0
2019-01-21,0,75,25,29,13,34,60,19,47,0
2019-01-22,0,79,26,27,15,31,59,21,48,0
2019-01-23,0,77,23,28,13,29,55,18,50,0
2019-01-24,0,78,25,29,12,31,59,21,48,0
2019-01-25,0,86,20,30,10,30,60,17,42,0
2019-01-26,0,85,24,29,7,28,51,10,52,0
2019-01-27,0,82,23,24,8,37,61,16,45,0
2019-01-28,0,77,23,26,15,29,57,20,50,0
2019-01-29,0,83,29,29,13,30,64,20,42,0
2019-01-30,0,90,27,27,11,38,54,23,45,0
2019-01-31,0,85,28,24,11,32,52,24,48,0
2019-02-01,0,83,26,24,12,35,54,21,41,0
2019-02-02,0,85,29,29,8,31,64,17,40,0
2019-02-03,0,83,21,23,8,36,57,17,44,0
2019-02-04,0,89,28,28,12,30,60,23,49,0
2019-02-05,0,82,21,25,14,37,60,26,50,0
2019-02-06,0,89,25,24,13,40,58,20,48,0
2019-02-07,0,89,23,28,12,32,58,23,44,0
2019-02-08,0,88,26,26,12,27,60,18,44,0
2019-02-09,0,82,19,28,6,35,69,18,46,0
2019-02-10,0,78,21,28,8,37,48,20,54,0
2019-02-11,0,82,21,26,12,31,54,25,49,0
2019-02-12,0,83,22,27,13,28,50,29,51,0
2019-02-13,0,81,22,29,12,26,45,19,43,0
2019-02-14,0,76,19,26,14,24,59,19,39,0
2019-02-15,0,90,23,30,14,28,50,20,51,0
2019-02-16,0,86,20,24,11,32,60,15,50,0
2019-02-17,0,83,21,23,9,35,65,21,43,0
2019-02-18,0,87,23,22,14,28,53,29,50,0
2019-02-19,0,85,26,28,15,28,59,28,54,0
2019-02-20,0,82,23,30,14,24,86,24,39,0
2019-02-21,0,87,24,27,14,30,100,28,48,0
2019-02-22,0,82,22,28,13,31,79,22,42,0
2019-02-23,0,87,22,29,9,26,67,21,45,0
2019-02-24,0,71,20,26,8,25,71,18,37,0
2019-02-25,0,81,26,29,12,28,71,27,47,0
2019-02-26,0,83,26,27,13,23,62,25,44,0
2019-02-27,0,78,27,30,17,22,65,27,44,0
2019-02-28,0,88,27,28,16,30,62,26,41,0
2019-03-01,0,90,25,31,11,29,62,20,46,0
2019-03-02,0,85,23,29,7,27,62,19,31,0
2019-03-03,0,82,21,29,10,27,70,16,40,0
2019-03-04,0,79,22,24,15,31,65,24,44,0
2019-03-05,0,83,25,26,15,24,67,32,37,0
2019-03-06,0,84,26,25,16,29,56,21,43,0
2019-03-07,0,75,22,23,13,23,63,27,50,0
2019-03-08,0,78,23,21,13,29,57,18,47,0
2019-03-09,0,92,17,25,10,28,69,21,41,0
2019-03-10,0,81,24,23,10,32,64,22,36,0
2019-03-11,0,80,23,24,13,27,54,28,36,0
2019-03-12,0,83,24,27,15,25,62,24,48,0
2019-03-13,0,86,24,24,13,28,56,26,46,0
2019-03-14,0,87,24,25,13,26,54,26,45,0
2019-03-15,0,74,22,30,13,21,55,26,42,0
2019-03-16,0,82,23,29,8,27,66,19,38,0
2019-03-17,0,80,20,32,10,32,65,15,42,0
2019-03-18,0,83,27,36,13,27,57,23,48,0
2019-03-19,0,84,23,40,16,30,65,24,46,0
2019-03-20,0,90,24,50,13,32,57,27,46,0
2019-03-21,0,85,25,48,11,29,65,14,54,0
2019-03-22,0,87,26,40,9,30,68,19,48,0
2019-03-23,0,88,22,30,11,29,65,17,43,0
2019-03-24,0,88,19,31,9,23,60,19,36,0
2019-03-25,0,83,29,32,14,47,65,23,44,0
2019-03-26,0,94,27,38,15,47,64,28,46,0
2019-03-27,0,92,29,47,12,34,73,21,51,0
2019-03-28,2,93,32,32,15,34,66,24,50,0
2019-03-29,0,100,28,35,12,37,71,16,38,0
2019-03-30,0,92,29,30,10,30,61,19,39,0
2019-03-31,0,77,24,32,8,39,63,15,48,0
2019-04-01,0,87,24,29,12,31,70,21,41,0
2019-04-02,0,76,25,26,14,26,69,23,47,0
2019-04-03,0,92,27,26,13,27,71,25,46,0
2019-04-04,0,91,26,24,14,33,68,27,46,0
2019-04-05,0,90,25,28,12,30,66,22,45,0
2019-04-06,0,83,27,31,7,25,66,14,35,0
2019-04-07,0,81,21,29,6,38,66,16,40,0
2019-04-08,0,84,28,27,13,28,65,25,40,0
2019-04-09,0,85,25,26,12,32,63,30,42,0
2019-04-10,0,84,26,27,12,30,72,26,43,0
2019-04-11,0,92,28,24,14,28,70,26,47,0
2019-04-12,0,89,25,25,11,28,68,19,49,0
2019-04-13,0,82,24,25,8,37,65,21,37,0
2019-04-14,0,77,20,27,6,36,66,23,44,0
2019-04-15,0,87,25,28,14,29,64,25,40,0
2019-04-16,0,77,27,29,14,26,68,20,38,0
2019-04-17,0,90,22,25,11,29,69,24,39,0
2019-04-18,0,94,23,28,9,24,65,18,39,0
2019-04-19,0,93,23,37,6,33,68,14,40,0
2019-04-20,0,82,25,30,8,25,65,7,36,0
2019-04-21,0,82,19,24,8,32,66,20,46,0
2019-04-22,0,85,28,28,8,30,82,19,45,0
2019-04-23,0,88,26,26,12,30,78,21,37,0
2019-04-24,0,91,28,28,12,27,64,28,44,0
2019-04-25,0,92,30,30,12,31,69,23,45,0
2019-04-26,0,90,32,30,10,28,72,25,53,0
2019-04-27,0,91,27,30,7,28,79,13,40,0
2019-04-28,0,84,26,27,7,31,75,18,33,0
2019-04-29,0,88,26,29,11,26,74,21,46,0
2019-04-30,0,90,26,34,11,33,71,23,44,0
2019-05-01,0,87,27,40,11,32,73,16,49,0
2019-05-02,0,85,27,28,12,23,69,22,39,0
2019-05-03,0,91,27,29,11,28,64,19,43,0
2019-05-04,0,85,22,24,7,22,68,15,31,0
2019-05-05,0,86,21,26,8,24,74,17,36,0
2019-05-06,0,85,24,24,13,28,72,23,40,0
2019-05-07,0,92,23,24,11,22,76,17,34,0
2019-05-08,0,79,24,27,10,26,70,18,44,0
2019-05-09,0,71,25,23,13,23,61,16,36,0
2019-05-10,0,85,24,25,11,27,65,21,42,0
2019-05-11,0,79,20,25,8,31,73,17,35,0
2019-05-12,0,76,18,21,7,25,67,16,36,0
2019-05-13,0,87,27,22,13,24,61,23,45,0
2019-05-14,0,90,22,27,13,30,73,27,47,0
2019-05-15,0,91,24,28,13,31,69,24,41,0
2019-05-16,0,89,26,27,14,29,65,25,44,0
2019-05-17,0,95,19,31,12,29,72,23,38,0
2019-05-18,0,80,21,27,9,30,75,12,40,0
2019-05-19,0,85,24,22,9,29,72,18,46,0
2019-05-20,0,89,26,26,13,23,75,26,42,0
2019-05-21,0,90,25,27,14,31,80,21,43,0
2019-05-22,0,87,28,28,12,35,95,20,42,0
2019-05-23,0,89,31,33,12,27,85,22,44,0
2019-05-24,0,89,29,32,12,28,83,20,47,0
2019-05-25,0,89,30,31,8,31,84,17,36,0
2019-05-26,0,76,26,25,8,26,75,17,40,0
2019-05-27,0,85,30,28,12,29,86,20,45,0
2019-05-28,0,76,32,27,10,29,85,26,46,0
2019-05-29,0,87,30,28,12,28,79,23,51,0
2019-05-30,0,79,32,26,12,31,80,20,44,0
2019-05-31,0,83,30,27,13,33,74,19,36,0
2019-06-01,0,83,26,25,8,32,79,16,38,0
2019-06-02,0,84,27,27,7,31,82,10,35,0
2019-06-03,0,85,30,24,12,39,82,22,42,0
2019-06-04,0,85,26,23,11,52,76,21,44,0
2019-06-05,0,89,26,25,10,48,85,25,40,0
2019-06-06,0,91,25,24,12,44,75,24,42,0
2019-06-07,0,88,25,23,10,31,82,15,38,0
2019-06-08,0,87,24,25,7,33,80,17,40,0
2019-06-09,0,79,25,24,10,43,75,21,33,0
2019-06-10,0,92,28,26,11,31,82,21,50,0
2019-06-11,0,86,24,23,12,28,75,20,44,0
2019-06-12,0,89,25,23,16,33,86,16,47,0
2019-06-13,0,96,29,28,11,26,80,23,42,0
2019-06-14,0,94,25,26,11,33,84,19,39,0
2019-06-15,0,86,25,28,6,26,81,17,38,0
2019-06-16,0,88,23,24,5,35,92,17,30,0
2019-06-17,0,83,28,26,8,33,71,17,36,0
2019-06-18,0,91,27,25,11,28,88,17,44,0
2019-06-19,0,86,31,25,12,26,77,21,45,0
2019-06-20,0,95,28,26,13,26,78,20,41,0
2019-06-21,0,83,29,28,11,23,77,11,37,0
2019-06-22,0,86,23,31,5,28,79,13,39,0
2019-06-23,0,76,28,25,7,32,82,14,38,0
2019-06-24,0,89,32,29,11,27,74,16,48,0
2019-06-25,0,90,34,38,12,31,81,18,41,0
2019-06-26,0,83,30,33,11,28,91,16,46,0
2019-06-27,0,90,32,34,10,30,90,22,43,0
2019-06-28,0,90,29,34,10,24,76,17,40,0
2019-06-29,0,83,27,33,5,32,76,14,41,0
2019-06-30,0,80,28,24,7,29,84,18,42,0
2019-07-01,0,93,29,33,10,22,62,17,33,0
2019-07-02,0,89,32,34,10,19,69,16,35,0
2019-07-03,0,94,28,34,10,21,62,14,38,0
2019-07-04,0,100,26,32,11,22,65,15,35,0
2019-07-05,0,95,27,32,8,18,63,15,38,0
2019-07-06,0,79,22,28,6,25,61,13,29,0
2019-07-07,0,86,23,25,7,25,63,12,30,0
2019-07-08,0,85,26,27,13,21,64,18,39,0
2019-07-09,0,85,24,31,11,22,69,18,30,0
2019-07-10,0,82,24,26,12,20,58,16,40,0
2019-07-11,0,87,23,27,13,25,64,20,36,0
2019-07-12,0,97,22,26,13,24,67,17,31,0
2019-07-13,0,94,24,25,9,21,71,15,35,0
2019-07-14,0,82,25,28,8,24,59,10,34,0
2019-07-15,0,86,29,27,13,24,68,18,35,0
2019-07-16,0,83,24,25,11,27,60,22,35,0
2019-07-17,0,89,27,28,12,23,61,18,36,0
2019-07-18,0,93,27,24,12,20,63,19,32,0
2019-07-19,0,89,24,24,9,18,64,17,34,0
2019-07-20,0,88,23,28,5,22,59,12,36,0
2019-07-21,0,89,25,31,8,22,65,11,37,0
2019-07-22,0,90,25,28,13,21,58,15,38,0
2019-07-23,0,83,24,29,12,18,57,17,36,0
2019-07-24,0,95,27,29,10,23,56,18,37,0
2019-07-25,0,92,28,32,13,23,62,22,39,0
2019-07-26,0,91,30,34,7,21,55,18,33,0
2019-07-27,0,87,27,31,6,20,59,14,36,0
2019-07-28,0,88,26,29,7,25,59,11,32,0
2019-07-29,0,86,29,27,13,20,56,18,34,0
2019-07-30,0,85,30,29,13,24,56,22,35,0
2019-07-31,0,87,27,24,11,21,62,18,33,0
2019-08-01,0,85,26,27,11,24,57,20,32,0
2019-08-02,0,90,28,29,10,22,58,17,37,0
2019-08-03,0,85,25,30,8,20,57,15,32,0
2019-08-04,0,88,21,27,8,20,59,11,29,0
2019-08-05,0,83,24,26,11,23,54,19,40,0
2019-08-06,0,89,26,22,12,25,61,19,36,0
2019-08-07,0,85,21,24,10,18,66,18,35,0
2019-08-08,0,93,22,28,12,22,61,16,32,0
2019-08-09,0,88,20,31,9,18,61,12,25,0
2019-08-10,0,78,20,24,8,20,61,11,31,0
2019-08-11,0,82,22,22,10,20,56,13,28,0
2019-08-12,0,85,24,27,12,22,62,19,34,0
2019-08-13,0,85,24,27,14,18,61,22,32,0
2019-08-14,0,83,23,27,13,24,58,22,36,0
2019-08-15,0,82,26,26,11,22,57,17,31,0
2019-08-16,0,97,24,28,12,25,61,17,37,0
2019-08-17,0,81,20,25,7,21,49,14,38,0
2019-08-18,0,80,20,28,8,24,57,13,33,0
2019-08-19,0,85,28,28,12,23,63,22,36,0
2019-08-20,0,81,25,28,13,22,53,19,31,0
2019-08-21,0,87,25,27,12,22,58,14,34,0
2019-08-22,0,80,30,27,15,25,57,21,42,0
2019-08-23,0,88,26,32,10,22,59,18,38,0
2019-08-24,0,84,25,32,7,23,54,15,28,0
2019-08-25,0,77,24,29,8,26,59,12,34,0
2019-08-26,0,79,32,29,12,28,54,19,35,0
2019-08-27,0,81,30,28,12,21,54,19,31,0
2019-08-28,0,81,28,29,12,23,56,19,35,0
2019-08-29,0,86,30,26,12,22,58,18,32,0
2019-08-30,0,87,27,25,10,24,56,15,35,0
2019-08-31,0,81,28,30,7,25,52,11,29,0
2019-09-01,0,83,26,27,9,19,56,15,30,0
2019-09-02,0,82,25,26,12,23,57,15,39,0
2019-09-03,0,84,26,23,11,20,52,16,37,0
2019-09-04,2,79,24,24,12,22,57,18,34,0
2019-09-05,0,84,26,25,11,22,55,18,34,0
2019-09-06,0,92,25,22,8,23,57,14,36,0
2019-09-07,0,89,25,25,7,21,63,14,24,0
2019-09-08,0,82,26,28,7,29,53,7,29,0
2019-09-09,0,80,24,22,11,28,60,18,35,0
2019-09-10,0,88,25,25,12,71,58,18,33,0
2019-09-11,0,89,29,27,12,44,59,21,41,0
2019-09-12,0,88,24,23,12,32,59,17,37,0
2019-09-13,0,93,25,27,8,30,54,16,32,0
2019-09-14,0,87,22,26,7,24,63,13,29,0
2019-09-15,0,82,22,26,8,25,59,10,31,0
2019-09-16,0,86,26,23,13,23,61,16,32,0
2019-09-17,0,91,30,26,11,22,62,16,29,0
2019-09-18,0,93,27,25,11,21,56,18,34,0
2019-09-19,0,95,30,22,10,21,61,15,32,0
2019-09-20,0,91,24,27,10,25,58,15,35,0
2019-09-21,0,78,19,22,9,30,48,10,29,0
2019-09-22,0,81,26,27,5,27,52,11,27,0
2019-09-23,0,88,24,30,9,27,58,17,35,0
2019-09-24,0,87,22,38,10,36,54,13,28,0
2019-09-25,0,83,28,30,12,25,58,17,31,0
2019-09-26,0,85,27,31,10,27,61,18,33,0
2019-09-27,0,90,28,30,11,24,63,13,26,0
2019-09-28,0,80,22,27,7,19,52,7,34,0
2019-09-29,0,83,22,29,8,22,58,13,30,0
2019-09-30,0,85,27,23,13,25,57,16,37,3
2019-10-01,0,88,22,30,11,21,55,17,33,0
2019-10-02,0,84,24,26,12,25,54,17,36,0
2019-10-03,0,88,26,29,15,24,55,17,31,0
2019-10-04,0,91,23,27,10,26,47,14,29,0
2019-10-05,0,83,19,27,8,27,53,10,26,0
2019-10-06,0,77,23,25,8,30,54,10,25,0
2019-10-07,0,86,26,25,13,24,54,14,32,0
2019-10-08,0,84,24,23,12,26,58,17,33,0
2019-10-09,0,82,24,33,13,23,59,17,30,0
2019-10-10,0,88,25,27,12,20,60,17,36,0
2019-10-11,0,94,21,27,11,28,56,14,32,0
2019-10-12,0,96,24,28,8,26,52,6,27,0
2019-10-13,0,81,19,28,8,27,53,9,32,0
2019-10-14,0,85,27,29,13,24,55,17,31,0
2019-10-15,0,87,22,30,12,29,53,17,36,0
2019-10-16,0,80,26,25,12,27,48,17,35,0
2019-10-17,0,78,27,28,12,21,58,16,33,0
2019-10-18,0,88,24,25,11,26,58,17,30,0
2019-10-19,0,72,20,25,7,25,53,9,27,0
2019-10-20,0,72,21,25,5,20,53,9,28,0
2019-10-21,0,79,26,26,10,23,58,17,35,0
2019-10-22,0,81,29,26,12,27,52,17,28,0
2019-10-23,0,86,24,26,13,21,51,16,35,0
2019-10-24,0,80,28,31,12,22,54,15,30,0
2019-10-25,0,90,27,30,11,22,50,12,28,0
2019-10-26,0,74,23,27,6,23,44,10,24,0
2019-10-27,0,75,21,24,5,17,47,10,25,0
2019-10-28,0,79,28,27,10,30,53,14,29,0
2019-10-29,0,81,28,30,9,29,49,17,31,0
2019-10-30,0,78,34,27,9,25,51,15,28,0
2019-10-31,0,83,28,28,11,22,57,16,31,0
2019-11-01,0,85,28,27,8,26,45,8,25,0
2019-11-02,0,69,21,20,5,24,39,6,22,0
2019-11-03,0,81,25,25,5,26,49,7,21,0
2019-11-04,0,83,27,29,11,28,55,17,35,0
2019-11-05,0,83,27,27,10,24,52,15,31,0
2019-11-06,0,83,26,27,10,22,48,12,32,0
2019-11-07,0,84,27,24,11,20,53,18,31,0
2019-11-08,0,86,28,27,11,25,56,17,30,0
2019-11-09,0,79,24,32,6,32,50,10,22,0
2019-11-10,0,74,24,27,5,25,54,11,28,0
2019-11-11,0,80,29,27,11,24,59,13,32,0
2019-11-12,0,84,29,26,10,25,54,18,34,0
2019-11-13,0,86,30,29,10,25,62,17,33,0
2019-11-14,0,78,28,28,11,30,52,18,30,0
2019-11-15,0,92,27,31,11,24,55,11,32,0
2019-11-16,0,87,29,33,7,26,57,11,31,0
2019-11-17,0,74,25,31,7,26,53,12,34,0
2019-11-18,0,86,31,36,12,25,59,13,39,0
2019-11-19,0,88,31,33,11,27,59,13,31,0
2019-11-20,0,92,30,34,11,29,62,15,35,0
2019-11-21,0,87,33,42,12,20,59,15,40,0
2019-11-22,0,92,38,41,8,29,65,15,31,0
2019-11-23,0,87,31,37,5,25,58,8,24,0
2019-11-24,0,80,25,43,7,25,63,10,29,0
2019-11-25,0,86,40,55,12,27,61,14,39,0
2019-11-26,0,86,41,60,11,29,71,14,38,0
2019-11-27,0,81,40,84,8,28,62,12,32,0
2019-11-28,0,85,43,79,10,32,81,12,39,0
2019-11-29,0,83,52,92,9,36,100,9,45,0
2019-11-30,0,80,31,60,6,28,80,11,34,0
2019-12-01,0,86,33,58,6,25,83,9,30,0
2019-12-02,0,83,41,51,9,31,77,12,40,0
2019-12-03,0,84,37,42,12,23,68,12,29,0
2019-12-04,0,83,39,40,10,26,66,15,36,0
2019-12-05,0,74,32,38,8,27,67,14,34,0
2019-12-06,0,73,33,39,9,23,72,10,33,0
2019-12-07,0,75,24,38,6,20,58,9,28,0
2019-12-08,0,75,27,42,6,27,60,9,32,0
2019-12-09,0,71,34,42,10,27,60,10,35,0
2019-12-10,0,77,32,46,8,26,63,14,32,0
2019-12-11,0,75,33,42,10,24,66,13,36,0
2019-12-12,0,78,36,40,8,24,60,11,33,0
2019-12-13,0,78,31,47,6,23,63,13,25,0
2019-12-14,0,77,26,49,7,23,68,13,29,0
2019-12-15,0,78,29,47,4,23,62,9,28,0
2019-12-16,0,76,32,50,7,21,68,9,30,0
2019-12-17,0,75,35,49,8,27,63,13,30,0
2019-12-18,0,81,36,44,8,29,66,14,34,0
2019-12-19,0,84,35,46,7,30,70,16,33,0
2019-12-20,0,75,32,48,8,26,61,14,31,0
2019-12-21,0,68,28,48,4,25,70,9,20,0
2019-12-22,0,77,22,46,5,23,55,13,29,0
2019-12-23,0,82,34,55,6,28,63,14,30,0
2019-12-24,0,87,26,42,5,24,59,8,29,0
2019-12-25,0,83,17,23,7,29,62,8,24,0
2019-12-26,0,73,21,38,6,34,65,10,30,0
2019-12-27,0,71,26,36,5,23,61,9,37,0
2019-12-28,0,82,21,36,6,24,57,12,30,0
2019-12-29,0,70,22,30,6,25,64,9,28,0
2019-12-30,0,76,25,36,6,33,60,11,35,0
2019-12-31,0,72,20,35,5,28,55,8,26,0
2020-01-01,0,65,19,25,6,23,63,14,23,0
2020-01-02,0,58,17,29,5,31,86,16,50,0
2020-01-03,0,55,16,22,5,36,79,13,40,0
2020-01-04,0,55,17,23,4,32,84,15,43,0
2020-01-05,0,55,12,21,5,36,75,17,38,0
2020-01-06,0,56,16,20,8,31,81,17,48,0
2020-01-07,0,58,15,18,8,34,83,18,53,0
2020-01-08,0,58,14,20,9,32,72,17,53,0
2020-01-09,0,58,17,23,8,33,77,18,50,0
2020-01-10,0,63,17,23,5,34,80,22,52,0
2020-01-11,0,54,14,22,5,41,73,18,49,0
2020-01-12,0,58,14,21,6,37,74,14,46,0
2020-01-13,0,58,17,19,10,37,78,21,52,0
2020-01-14,0,60,16,22,10,35,78,20,53,0
2020-01-15,0,61,16,20,9,32,73,22,58,0
2020-01-16,0,63,17,20,8,29,84,22,57,0
2020-01-17,0,66,16,20,6,37,73,22,52,0
2020-01-18,0,61,16,20,5,37,80,15,49,0
2020-01-19,0,55,15,20,6,37,79,14,48,0
2020-01-20,0,58,16,20,9,28,76,23,58,0
2020-01-21,0,62,17,19,10,31,80,26,58,0
2020-01-22,0,64,15,20,9,37,75,20,56,0
2020-01-23,0,60,15,19,9,28,75,23,51,0
2020-01-24,0,63,19,24,8,37,70,18,48,0
2020-01-25,0,60,18,23,6,33,70,21,48,0
2020-01-26,0,55,18,22,5,35,75,19,48,0
2020-01-27,0,59,18,21,8,22,70,21,50,0
2020-01-28,0,65,18,20,9,32,76,25,55,0
2020-01-29,0,59,19,21,9,36,76,23,56,0
2020-01-30,0,64,18,23,9,35,73,27,52,0
2020-01-31,0,61,19,23,8,29,72,18,49,0
2020-02-01,1,60,16,24,6,32,73,17,50,0
2020-02-02,0,56,17,23,5,38,71,19,47,0
2020-02-03,0,56,18,20,10,34,72,23,62,0
2020-02-04,0,58,18,19,8,29,71,29,60,0
2020-02-05,0,60,19,20,9,33,66,25,62,0
2020-02-06,0,63,17,19,10,28,70,27,56,0
2020-02-07,0,65,18,22,8,29,69,25,54,0
2020-02-08,0,63,17,23,7,32,79,17,47,0
2020-02-09,0,61,17,18,6,34,76,18,49,0
2020-02-10,0,60,17,20,9,38,70,29,59,0
2020-02-11,0,65,19,21,10,29,82,32,57,0
2020-02-12,0,62,17,17,10,32,96,32,59,0
2020-02-13,0,64,15,19,10,29,88,25,62,0
2020-02-14,0,62,15,18,7,37,79,21,57,0
2020-02-15,0,55,15,24,6,36,89,22,50,0
2020-02-16,0,54,15,20,8,31,84,20,50,0
2020-02-17,0,62,16,18,11,29,78,28,54,0
2020-02-18,0,65,15,19,11,29,85,32,57,0
2020-02-19,0,62,17,19,10,35,82,31,60,0
2020-02-20,0,57,19,22,10,35,86,29,62,0
2020-02-21,0,67,19,19,10,36,88,26,65,0
2020-02-22,0,64,14,23,7,41,78,23,57,0
2020-02-23,0,57,15,17,8,34,79,19,53,0
2020-02-24,0,61,21,19,10,33,76,31,59,0
2020-02-25,0,59,20,22,9,29,72,27,56,0
2020-02-26,0,60,22,22,10,35,71,24,50,0
2020-02-27,0,60,21,19,10,28,79,31,59,0
2020-02-28,0,62,20,20,7,33,70,28,63,0
2020-02-29,0,54,18,22,5,31,75,20,47,0
2020-03-01,0,56,19,21,8,34,84,16,48,0
2020-03-02,0,60,19,21,9,33,79,33,63,0
2020-03-03,0,64,17,19,12,27,82,34,52,0
2020-03-04,0,68,19,17,11,31,86,27,61,0
2020-03-05,0,62,17,17,10,27,79,25,60,0
2020-03-06,0,62,17,18,9,36,81,23,48,0
2020-03-07,0,58,16,19,6,30,74,20,49,0
2020-03-08,0,52,17,18,7,28,82,19,52,0
2020-03-09,0,61,15,18,10,33,78,29,61,0
2020-03-10,0,61,17,17,12,30,79,25,60,0
2020-03-11,0,56,16,20,10,31,66,26,54,0
2020-03-12,0,56,18,21,10,29,71,29,44,0
2020-03-13,0,62,17,23,9,25,76,23,55,0
2020-03-14,0,59,15,25,7,26,91,19,57,0
2020-03-15,1,50,13,24,7,38,66,18,54,0
2020-03-16,0,62,13,35,9,25,66,22,57,0
2020-03-17,0,66,15,29,13,37,81,26,65,0
2020-03-18,0,75,14,24,15,41,76,24,65,0
2020-03-19,0,68,16,23,13,40,78,20,67,0
2020-03-20,0,71,17,25,10,29,74,18,59,0
2020-03-21,0,71,15,29,8,38,84,22,60,0
2020-03-22,0,64,16,28,8,34,81,19,57,0
2020-03-23,0,63,14,33,10,30,70,24,63,0
2020-03-24,0,70,15,43,12,32,79,33,66,0
2020-03-25,1,80,13,39,14,39,67,32,74,0
2020-03-26,0,85,11,30,13,32,68,26,67,0
2020-03-27,0,98,7,16,11,35,62,24,77,0
2020-03-28,0,78,6,14,7,35,56,18,57,0
2020-03-29,0,83,9,14,7,29,64,12,60,0
2020-03-30,0,88,8,17,14,33,59,23,72,0
2020-03-31,0,94,8,15,13,30,59,19,62,0
2020-04-01,0,90,9,15,13,33,65,24,59,0
2020-04-02,0,88,10,13,14,26,62,25,61,0
2020-04-03,0,100,9,15,12,27,57,22,57,0
2020-04-04,0,80,7,16,7,34,68,15,60,0
2020-04-05,0,81,9,13,8,31,74,14,62,0
2020-04-06,0,89,8,17,14,34,63,22,55,0
2020-04-07,0,84,7,16,13,36,62,23,72,0
2020-04-08,0,76,8,18,11,37,66,22,57,0
2020-04-09,0,75,7,18,12,32,59,23,59,0
2020-04-10,0,78,7,19,8,38,71,19,58,0
2020-04-11,0,79,7,18,7,34,69,17,56,0
2020-04-12,0,80,8,15,9,36,70,19,60,0
2020-04-13,0,80,8,15,11,33,62,25,64,0
2020-04-14,0,82,11,20,14,40,59,27,73,0
2020-04-15,0,77,7,19,15,51,61,25,78,0
2020-04-16,0,85,10,20,12,35,61,25,69,0
2020-04-17,0,88,8,18,14,30,64,24,69,0
2020-04-18,0,80,9,17,9,37,71,21,71,0
2020-04-19,0,75,8,16,9,38,62,25,66,0
2020-04-20,0,83,9,21,15,38,68,31,83,0
2020-04-21,0,75,10,18,14,35,59,27,75,0
2020-04-22,0,81,9,20,13,34,65,28,79,0
2020-04-23,0,71,10,21,13,31,62,29,73,0
2020-04-24,0,75,12,26,12,32,64,23,67,0
2020-04-25,0,74,14,25,7,38,74,23,63,0
2020-04-26,0,77,14,25,8,41,72,15,74,0
2020-04-27,0,71,13,26,10,39,75,25,75,0
2020-04-28,0,73,15,23,14,33,69,19,78,0
2020-04-29,0,72,15,24,13,34,62,27,78,0
2020-04-30,0,75,23,28,11,41,70,24,79,0
2020-05-01,0,71,41,41,8,39,84,27,78,0
2020-05-02,0,76,30,35,8,43,83,29,87,0
2020-05-03,0,75,27,27,9,35,82,25,79,0
2020-05-04,0,79,26,32,13,49,85,31,92,0
2020-05-05,0,78,24,28,15,43,96,34,98,0
2020-05-06,0,79,23,27,15,40,85,29,92,0
2020-05-07,0,78,19,26,15,36,83,35,87,0
2020-05-08,0,86,21,27,13,40,82,31,85,0
2020-05-09,0,75,23,28,10,39,93,25,71,0
2020-05-10,0,73,19,24,8,36,80,20,68,0
2020-05-11,0,79,23,31,14,47,100,31,86,0
2020-05-12,0,82,23,26,14,38,87,26,94,0
2020-05-13,0,76,21,26,13,39,86,30,80,0
2020-05-14,0,77,26,32,16,38,89,28,78,0
2020-05-15,0,81,31,33,12,41,88,31,85,0
2020-05-16,0,80,29,36,8,42,86,22,88,0
2020-05-17,0,72,23,30,9,41,86,21,74,0
2020-05-18,0,80,24,33,13,45,86,31,87,0
2020-05-19,0,75,25,33,13,46,87,28,90,0
2020-05-20,0,78,25,28,14,42,90,28,91,0
2020-05-21,0,73,26,31,14,37,92,26,80,0
2020-05-22,0,79,26,33,13,42,97,32,77,0
2020-05-23,0,76,29,34,10,37,96,24,78,0
2020-05-24,0,69,25,37,9,34,82,26,81,0
2020-05-25,0,76,34,40,16,39,82,28,88,0
2020-05-26,0,69,30,38,12,42,79,26,83,0
2020-05-27,0,77,31,39,13,36,80,25,87,0
2020-05-28,0,73,30,39,14,39,86,29,90,0
2020-05-29,0,70,29,40,13,36,90,27,85,0
2020-05-30,0,71,31,43,8,41,93,22,74,0
2020-05-31,0,72,27,44,9,39,83,22,75,0
2020-06-01,0,76,28,54,12,38,89,24,90,0
2020-06-02,0,73,27,36,13,37,86,25,84,0
2020-06-03,0,77,28,35,12,38,88,27,90,0
2020-06-04,0,73,23,31,12,34,86,23,93,0
2020-06-05,0,70,23,27,11,33,81,25,79,0
2020-06-06,0,75,25,34,7,32,85,20,68,0
2020-06-07,0,72,23,30,8,40,82,23,74,0
2020-06-08,0,74,23,34,13,38,89,28,88,0
2020-06-09,0,71,23,32,12,32,78,27,81,0
2020-06-10,0,70,25,29,12,39,84,29,86,0
2020-06-11,0,73,23,29,12,35,77,28,77,0
2020-06-12,0,71,23,26,11,36,85,25,73,0
2020-06-13,0,72,26,31,7,36,95,22,75,0
2020-06-14,0,63,24,27,8,32,75,21,71,0
2020-06-15,0,71,26,31,10,33,95,28,76,0
2020-06-16,0,62,28,30,9,40,79,21,72,0
2020-06-17,0,61,26,27,10,32,74,26,67,0
2020-06-18,0,69,26,31,11,38,84,29,78,0
2020-06-19,0,65,22,27,10,32,81,25,65,0
2020-06-20,0,76,24,29,6,35,91,21,68,0
2020-06-21,0,61,19,27,7,30,81,18,67,0
2020-06-22,0,60,22,29,10,51,82,28,79,0
2020-06-23,0,69,21,29,11,44,89,24,77,0
2020-06-24,0,63,24,31,12,37,84,26,82,0
2020-06-25,0,66,24,30,11,40,92,29,82,0
2020-06-26,0,66,25,28,9,40,86,31,79,0
2020-06-27,0,69,28,29,7,33,80,22,61,0
2020-06-28,0,66,26,25,8,42,95,24,70,0
2020-06-29,0,66,24,31,11,31,92,28,72,0
2020-06-30,0,69,23,27,10,35,87,26,74,0
2020-07-01,0,65,20,27,10,29,72,29,71,0
2020-07-02,0,76,26,25,9,31,91,24,77,0
2020-07-03,0,98,29,33,12,30,74,22,70,0
2020-07-04,0,96,29,35,8,31,89,22,63,0
2020-07-05,0,95,27,33,9,31,84,19,61,0
2020-07-06,0,100,31,33,14,34,74,29,72,0
2020-07-07,0,94,27,34,14,31,75,22,71,0
2020-07-08,0,92,26,29,14,29,69,21,59,0
2020-07-09,0,86,25,30,15,31,76,29,70,0
2020-07-10,0,94,26,31,12,31,72,26,67,0
2020-07-11,0,85,25,31,6,33,75,18,62,0
2020-07-12,0,90,23,35,9,31,76,19,70,0
2020-07-13,0,90,26,33,14,30,78,19,72,0
2020-07-14,0,96,26,35,17,30,74,20,72,0
2020-07-15,0,85,26,32,17,31,83,29,77,0
2020-07-16,0,91,31,32,16,35,85,25,74,0
2020-07-17,0,88,29,32,12,37,74,20,66,0
2020-07-18,0,94,30,33,11,33,82,21,61,0
2020-07-19,0,73,26,32,9,33,77,21,62,0
2020-07-20,0,84,28,32,15,32,71,23,67,0
2020-07-21,0,91,27,32,14,31,79,24,68,0
2020-07-22,0,85,27,34,17,28,72,25,72,0
2020-07-23,0,88,28,33,17,33,75,28,64,0
2020-07-24,0,93,33,40,12,27,72,25,70,0
2020-07-25,0,96,32,39,10,35,83,24,70,0
2020-07-26,0,90,35,38,10,31,80,21,60,0
2020-07-27,0,82,34,37,14,29,78,24,68,0
2020-07-28,0,92,32,33,15,28,78,30,67,0
2020-07-29,0,90,26,34,13,29,73,26,80,0
2020-07-30,0,86,30,32,15,30,77,24,66,0
2020-07-31,0,90,28,33,15,34,72,26,68,0
2020-08-01,0,90,27,32,10,33,81,17,63,0
2020-08-02,0,86,32,31,9,36,79,18,61,0
2020-08-03,0,83,29,28,15,32,76,22,65,0
2020-08-04,0,90,28,32,15,33,75,22,65,0
2020-08-05,0,81,33,29,13,30,83,27,66,0
2020-08-06,0,97,32,28,15,32,86,23,66,0
2020-08-07,0,88,29,29,12,32,76,21,70,0
2020-08-08,0,87,29,34,8,33,90,21,60,0
2020-08-09,0,91,31,28,11,38,82,20,56,0
2020-08-10,0,85,29,34,12,30,75,22,59,0
2020-08-11,0,81,25,28,15,33,71,23,67,0
2020-08-12,0,85,26,26,14,36,68,25,67,0
2020-08-13,0,81,26,30,15,31,87,26,75,0
2020-08-14,0,89,24,30,13,41,79,21,62,0
2020-08-15,0,87,28,33,9,35,72,18,58,0
2020-08-16,0,79,27,33,9,29,74,20,64,0
2020-08-17,0,83,28,33,17,29,75,21,65,0
2020-08-18,0,84,25,40,16,32,73,23,61,0
2020-08-19,0,78,29,34,14,32,72,27,67,0
2020-08-20,0,84,31,35,16,31,79,32,73,0
2020-08-21,0,90,29,32,14,31,84,26,66,0
2020-08-22,0,84,26,31,10,30,74,22,70,0
2020-08-23,0,69,29,29,9,34,81,19,58,0
2020-08-24,0,80,32,34,14,31,68,27,66,0
2020-08-25,0,80,29,34,17,32,70,27,72,0
2020-08-26,0,84,32,33,14,33,70,26,65,0
2020-08-27,0,82,30,30,13,32,73,23,58,0
2020-08-28,0,85,28,28,12,36,72,23,63,0
2020-08-29,0,79,28,28,8,32,71,24,48,0
2020-08-30,0,71,27,29,8,32,72,15,57,0
2020-08-31,0,80,27,33,14,28,74,36,57,0
2020-09-01,0,87,26,31,15,33,68,30,65,0
2020-09-02,0,79,27,29,13,27,70,24,60,0
2020-09-03,0,83,27,28,14,25,70,22,77,0
2020-09-04,0,91,32,27,12,30,63,22,63,0
2020-09-05,0,78,25,25,8,29,67,18,48,0
2020-09-06,0,90,28,27,9,27,77,17,61,0
2020-09-07,0,81,27,26,15,33,66,21,61,0
2020-09-08,0,87,31,27,17,35,70,28,65,0
2020-09-09,0,79,27,26,14,30,61,26,60,0
2020-09-10,0,86,32,26,14,29,69,23,59,0
2020-09-11,0,91,25,23,13,29,77,20,53,0
2020-09-12,0,87,28,24,11,24,63,22,54,0
2020-09-13,0,69,31,25,11,29,63,18,47,0
2020-09-14,0,81,27,27,15,34,67,24,60,0
2020-09-15,0,83,24,25,14,61,66,25,60,0
2020-09-16,0,79,26,23,15,70,70,20,56,0
2020-09-17,0,83,27,29,13,35,67,23,59,0
2020-09-18,0,86,29,26,11,34,68,25,53,0
2020-09-19,0,83,27,28,8,30,68,18,49,0
2020-09-20,0,70,31,32,7,30,72,19,49,0
2020-09-21,0,74,27,26,13,33,59,23,59,0
2020-09-22,0,81,29,24,16,28,65,24,60,0
2020-09-23,0,80,30,29,13,31,69,24,57,0
2020-09-24,0,85,28,30,8,24,71,18,49,0
2020-09-25,0,78,33,29,9,28,70,19,47,0
2020-09-26,0,75,33,27,8,28,66,19,47,0
2020-09-27,0,70,30,28,8,32,59,13,38,0
2020-09-28,0,84,28,25,13,25,58,24,57,0
2020-09-29,0,79,31,25,14,27,71,24,55,0
2020-09-30,0,75,30,25,11,26,57,21,54,0
2020-10-01,0,80,27,27,15,28,73,26,54,0
2020-10-02,0,86,32,24,12,31,71,17,56,0
2020-10-03,0,79,30,24,8,28,72,16,49,0
2020-10-04,0,79,29,24,8,25,54,15,51,0
2020-10-05,0,78,28,25,14,25,67,27,56,0
2020-10-06,0,80,27,25,13,30,63,23,58,0
2020-10-07,0,84,30,22,11,32,66,23,50,0
2020-10-08,0,86,31,25,13,33,63,21,56,0
2020-10-09,0,80,29,24,11,31,62,18,51,0
2020-10-10,0,76,30,24,8,27,65,15,52,0
2020-10-11,0,73,26,24,8,24,67,16,52,0
2020-10-12,0,81,30,24,15,28,64,23,57,0
2020-10-13,0,79,31,24,12,60,61,22,60,0
2020-10-14,0,79,30,24,14,43,68,22,53,0
2020-10-15,0,81,29,26,12,30,68,24,53,0
2020-10-16,0,84,28,25,10,26,57,22,45,0
2020-10-17,0,74,27,26,6,26,64,16,43,0
2020-10-18,0,72,30,23,7,30,68,15,41,0
2020-10-19,0,77,32,28,15,25,63,24,54,0
2020-10-20,0,73,32,29,15,23,64,27,53,0
2020-10-21,0,78,30,29,12,22,58,19,50,0
2020-10-22,0,82,32,27,12,26,65,22,55,0
2020-10-23,0,81,30,30,9,32,57,18,49,0
2020-10-24,0,69,33,29,8,28,66,15,53,0
2020-10-25,0,70,33,29,7,30,73,15,40,0
2020-10-26,0,77,33,29,13,29,64,25,51,0
2020-10-27,0,81,31,28,12,23,62,20,53,0
2020-10-28,0,77,31,30,12,27,70,20,56,0
2020-10-29,0,77,34,31,14,31,69,20,55,0
2020-10-30,0,80,31,32,12,31,69,27,59,0
2020-10-31,0,70,30,28,7,33,59,11,40,0
2020-11-01,0,74,31,32,7,30,75,17,50,0
2020-11-02,0,74,30,45,12,30,74,21,54,0
2020-11-03,0,76,27,37,11,29,66,22,54,0
2020-11-04,0,66,26,32,12,25,56,17,47,0
2020-11-05,0,71,31,31,11,26,67,24,49,0
2020-11-06,0,75,28,37,9,25,64,21,47,0
2020-11-07,0,67,27,30,7,23,61,12,44,0
2020-11-08,0,70,28,38,7,26,72,13,42,0
2020-11-09,0,73,31,37,14,27,68,22,55,0
2020-11-10,0,81,29,33,13,36,73,24,57,0
2020-11-11,0,76,26,33,12,33,69,23,61,0
2020-11-12,0,72,29,36,11,30,72,23,56,0
2020-11-13,0,84,28,36,10,33,75,22,51,0
2020-11-14,0,71,30,35,4,36,73,19,49,0
2020-11-15,0,76,32,42,9,31,82,15,54,0
2020-11-16,0,77,27,35,11,31,70,24,55,0
2020-11-17,0,78,31,36,10,32,78,19,53,0
2020-11-18,0,75,31,37,12,30,74,23,54,0
2020-11-19,0,78,29,36,12,31,73,21,59,0
2020-11-20,0,81,32,37,10,32,79,21,55,0
2020-11-21,0,79,30,37,6,25,79,19,47,0
2020-11-22,0,73,32,41,7,35,78,18,53,0
2020-11-23,0,75,39,48,11,36,90,25,56,0
2020-11-24,0,76,40,47,12,36,92,24,66,0
2020-11-25,0,79,50,50,8,27,90,21,65,0
2020-11-26,0,73,52,59,10,28,90,26,64,0
2020-11-27,0,79,55,71,10,37,100,21,61,0
2020-11-28,0,73,35,48,7,33,79,14,48,0
2020-11-29,0,72,39,44,8,26,74,19,52,0
2020-11-30,0,85,41,46,10,31,80,18,61,0
2020-12-01,0,76,35,37,10,32,80,20,53,0
2020-12-02,0,80,40,36,9,30,76,24,46,0
2020-12-03,0,75,39,36,11,32,71,23,48,0
2020-12-04,0,90,37,33,10,27,73,20,52,0
2020-12-05,0,71,34,35,5,29,63,13,46,0
2020-12-06,0,75,37,36,5,27,71,11,46,0
2020-12-07,0,79,39,33,10,30,78,22,60,0
2020-12-08,0,84,37,36,10,30,65,17,56,0
2020-12-09,0,79,35,37,12,30,64,19,53,0
2020-12-10,0,85,34,37,11,27,76,17,51,0
2020-12-11,0,75,35,37,10,37,72,19,53,0
2020-12-12,0,68,34,39,6,24,63,14,49,0
2020-12-13,0,66,29,39,7,31,78,14,52,0
2020-12-14,0,77,34,38,10,33,75,20,54,0
2020-12-15,0,65,37,41,7,30,65,14,48,0
2020-12-16,0,69,39,43,6,29,80,14,48,0
2020-12-17,0,79,38,43,9,37,75,19,50,0
2020-12-18,0,70,38,39,7,34,75,18,51,0
2020-12-19,0,70,39,35,4,32,72,15,40,0
2020-12-20,0,70,37,45,5,27,83,9,43,0
2020-12-21,0,66,37,44,7,31,85,17,54,0
2020-12-22,0,70,40,43,7,32,81,14,47,0
2020-12-23,0,71,33,38,9,36,81,14,44,0
2020-12-24,0,75,28,34,5,35,79,12,36,0
2020-12-25,0,77,21,23,5,38,81,13,34,0
2020-12-26,0,73,25,35,4,38,78,14,47,0
2020-12-27,0,70,26,32,5,34,77,15,40,0
2020-12-28,0,65,25,31,6,30,75,14,40,0
2020-12-29,0,75,24,33,7,35,77,17,45,0
2020-12-30,0,70,29,34,5,37,79,12,44,0
2020-12-31,0,67,20,25,6,33,69,11,34,0
2021-01-01,0,66,24,25,4,34,75,12,41,0
2021-01-02,0,70,27,31,6,38,69,18,50,0
2021-01-03,0,72,29,28,5,39,71,12,48,0
2021-01-04,0,44,16,17,6,32,78,17,60,0
2021-01-05,0,48,15,17,6,36,77,19,67,0
2021-01-06,0,45,15,16,5,34,72,19,57,0
2021-01-07,0,46,15,16,6,34,78,17,59,0
2021-01-08,0,48,17,16,5,31,82,19,59,0
2021-01-09,0,45,15,16,4,30,71,13,51,0
2021-01-10,0,47,17,15,4,37,75,15,54,0
2021-01-11,0,48,12,16,7,36,83,15,63,0
2021-01-12,0,55,15,17,8,35,72,18,73,0
2021-01-13,0,50,16,15,7,39,71,21,74,0
2021-01-14,0,51,18,18,8,38,96,20,78,0
2021-01-15,0,50,18,18,6,40,93,26,69,0
2021-01-16,0,43,15,19,3,34,80,18,66,0
2021-01-17,0,46,16,15,5,37,80,18,63,0
2021-01-18,0,49,16,17,8,41,83,29,77,0
2021-01-19,0,50,18,18,8,31,85,26,75,0
2021-01-20,0,47,17,17,8,33,81,19,67,0
2021-01-21,0,52,17,17,9,35,81,24,71,0
2021-01-22,0,49,17,16,7,38,83,19,61,0
2021-01-23,0,49,18,18,4,36,77,13,53,0
2021-01-24,0,43,17,15,5,38,75,21,56,0
2021-01-25,0,52,18,18,9,35,83,24,77,0
2021-01-26,0,52,19,17,8,32,84,22,70,0
2021-01-27,0,52,20,17,8,33,90,23,70,0
2021-01-28,0,48,20,16,8,32,74,30,69,0
2021-01-29,0,49,19,17,6,32,86,21,68,0
2021-01-30,0,47,20,18,5,35,90,15,60,0
2021-01-31,0,51,21,18,5,35,93,13,69,0
2021-02-01,0,51,17,16,6,34,80,21,73,0
2021-02-02,0,52,18,17,8,33,79,26,72,0
2021-02-03,0,51,18,17,7,32,75,25,70,0
2021-02-04,0,52,19,17,10,32,78,26,79,0
2021-02-05,0,51,18,16,7,31,87,22,68,0
2021-02-06,0,49,18,20,5,32,85,22,63,0
2021-02-07,0,43,19,15,5,32,76,20,58,0
2021-02-08,0,51,17,16,9,35,77,25,67,0
2021-02-09,0,50,17,15,8,26,82,26,71,0
2021-02-10,0,50,18,15,10,44,82,25,71,0
2021-02-11,0,49,17,18,9,33,69,20,80,0
2021-02-12,0,53,19,14,8,36,76,21,66,0
2021-02-13,0,46,16,16,6,32,79,16,52,0
2021-02-14,0,47,14,16,5,31,80,17,53,0
2021-02-15,0,49,17,14,8,32,82,24,62,0
2021-02-16,0,50,16,15,9,29,71,26,69,0
2021-02-17,0,50,16,15,10,31,76,30,72,0
2021-02-18,0,51,15,15,9,30,71,23,67,0
2021-02-19,0,50,16,13,6,28,67,23,62,0
2021-02-20,0,48,19,15,5,31,73,23,56,0
2021-02-21,0,45,17,16,5,28,63,19,59,0
2021-02-22,0,48,15,14,9,29,74,29,66,0
2021-02-23,0,47,15,14,8,32,69,26,70,0
2021-02-24,0,44,18,15,8,30,73,23,68,0
2021-02-25,0,48,22,17,9,33,73,22,74,0
2021-02-26,0,50,20,16,7,25,76,25,67,0
2021-02-27,2,44,18,19,4,32,82,19,64,0
2021-02-28,0,45,17,16,5,29,74,21,58,0
2021-03-01,0,48,19,17,8,30,70,23,68,0
2021-03-02,0,48,19,16,7,26,82,23,68,0
2021-03-03,0,50,18,14,9,30,67,24,55,0
2021-03-04,0,50,20,15,8,31,70,31,78,0
2021-03-05,0,57,19,13,7,31,71,20,64,0
2021-03-06,0,46,18,18,4,35,76,18,57,0
2021-03-07,0,50,19,14,6,31,71,18,61,0
2021-03-08,0,49,18,14,8,27,77,31,65,0
2021-03-09,0,54,18,13,7,28,69,26,63,0
2021-03-10,0,49,18,14,8,30,69,26,68,0
2021-03-11,0,53,17,12,8,31,65,29,73,0
2021-03-12,0,58,17,15,8,25,75,20,71,0
2021-03-13,0,53,19,14,6,35,70,16,60,0
2021-03-14,0,46,18,16,4,32,65,22,67,0
2021-03-15,0,54,18,15,8,31,72,28,75,0
2021-03-16,0,48,15,16,8,26,74,27,65,0
2021-03-17,0,51,16,15,8,30,70,28,60,0
2021-03-18,0,53,17,14,7,32,72,30,72,0
2021-03-19,0,55,16,16,8,35,80,23,71,0
2021-03-20,0,56,18,16,6,34,76,18,65,0
2021-03-21,0,51,19,15,5,32,81,22,51,0
2021-03-22,0,48,23,19,7,38,82,23,70,0
2021-03-23,0,51,18,16,9,33,100,29,75,0
2021-03-24,0,48,20,16,8,35,87,32,66,0
2021-03-25,0,51,20,16,9,29,79,32,71,0
2021-03-26,0,52,22,19,8,27,83,23,62,0
2021-03-27,0,54,22,21,6,38,75,24,67,0
2021-03-28,0,48,21,17,6,30,81,22,61,0
2021-03-29,0,50,22,16,8,31,86,26,74,0
2021-03-30,0,53,21,17,9,45,75,25,71,0
2021-03-31,0,55,21,15,9,36,79,29,65,0
2021-04-01,0,56,20,17,6,34,84,21,63,0
2021-04-02,0,53,21,16,4,34,82,17,60,0
2021-04-03,0,51,18,16,4,31,83,16,54,0
2021-04-04,0,46,17,14,3,33,78,18,60,0
2021-04-05,0,47,18,16,7,33,80,19,68,0
2021-04-06,0,48,17,13,8,34,78,26,68,0
2021-04-07,0,51,16,16,8,35,79,28,74,0
2021-04-08,0,56,18,13,8,31,81,25,63,0
2021-04-09,0,51,17,17,7,33,76,25,63,0
2021-04-10,0,51,16,15,4,33,80,16,55,0
2021-04-11,0,50,17,13,4,29,60,19,52,0
2021-04-12,0,51,17,13,9,33,81,28,62,0
2021-04-13,0,52,18,12,8,33,82,27,72,0
2021-04-14,0,54,16,13,9,28,75,30,78,0
2021-04-15,0,48,17,14,9,33,70,30,69,0
2021-04-16,0,54,18,13,7,33,78,25,68,0
2021-04-17,0,54,17,16,7,27,78,19,72,0
2021-04-18,0,45,18,13,6,31,80,26,63,0
2021-04-19,0,52,20,12,8,29,79,25,58,0
2021-04-20,0,54,20,14,9,44,81,30,73,0
2021-04-21,0,52,21,14,9,48,85,29,75,0
2021-04-22,0,55,20,13,8,42,81,21,69,0
2021-04-23,0,51,24,13,8,32,72,25,68,0
2021-04-24,0,49,23,15,5,36,75,19,57,0
2021-04-25,0,47,22,16,5,38,85,18,60,0
2021-04-26,0,53,24,17,7,31,73,25,71,0
2021-04-27,0,51,19,18,5,39,80,19,60,0
2021-04-28,0,51,21,14,8,28,80,26,68,0
2021-04-29,0,48,22,16,7,36,73,31,65,0
2021-04-30,0,54,24,14,7,30,76,23,67,0
2021-05-01,0,46,22,15,5,31,79,19,50,0
2021-05-02,0,49,22,12,5,30,83,25,59,0
2021-05-03,0,51,22,14,7,30,84,25,64,0
2021-05-04,0,51,22,13,10,30,72,22,67,0
2021-05-05,0,52,20,12,8,25,71,24,65,0
2021-05-06,0,51,21,12,7,30,68,27,63,0
2021-05-07,0,55,21,12,6,29,64,27,59,0
2021-05-08,0,53,19,15,5,37,81,25,53,0
2021-05-09,0,47,17,11,4,27,73,17,52,0
2021-05-10,0,54,18,12,8,31,78,32,68,0
2021-05-11,0,53,17,12,9,26,76,25,68,0
2021-05-12,0,52,20,11,9,34,75,28,70,0
2021-05-13,0,53,20,12,7,25,69,27,64,0
2021-05-14,0,57,20,13,7,32,73,22,68,0
2021-05-15,0,51,20,13,5,30,73,16,59,0
2021-05-16,0,51,17,13,5,37,76,19,58,0
2021-05-17,0,55,19,13,9,27,78,22,64,0
2021-05-18,0,57,18,13,8,32,80,28,68,0
2021-05-19,0,53,19,14,8,28,71,34,67,0
2021-05-20,0,52,18,14,9,28,75,25,64,0
2021-05-21,0,57,21,15,7,33,80,30,72,0
2021-05-22,0,51,21,15,6,31,62,19,60,0
2021-05-23,0,51,18,15,5,36,71,20,59,0
2021-05-24,0,54,21,16,10,32,73,24,62,0
2021-05-25,0,53,24,18,10,36,83,31,69,0
2021-05-26,0,51,21,19,8,33,79,29,68,0
2021-05-27,0,50,23,17,7,33,76,25,75,0
2021-05-28,0,53,23,19,8,27,85,25,63,0
2021-05-29,0,54,21,17,5,32,80,23,58,0
2021-05-30,0,46,19,17,6,29,73,15,52,0
2021-05-31,0,53,23,17,9,31,80,30,73,0
2021-06-01,0,52,21,15,9,36,76,26,73,0
2021-06-02,0,51,22,15,8,29,77,26,79,0
2021-06-03,0,54,23,17,9,35,74,29,72,0
2021-06-04,0,56,24,16,8,28,78,25,68,0
2021-06-05,0,48,22,17,6,29,75,18,64,0
2021-06-06,0,48,19,13,6,33,74,17,69,0
2021-06-07,0,49,19,11,8,37,75,36,65,0
2021-06-08,0,52,19,15,8,38,69,23,68,0
2021-06-09,0,48,18,16,8,32,75,23,71,0
2021-06-10,0,52,20,16,9,31,82,26,79,0
2021-06-11,0,53,18,15,7,32,69,22,69,0
2021-06-12,0,53,18,15,5,36,86,22,61,0
2021-06-13,0,52,17,14,6,38,66,16,71,0
2021-06-14,0,51,17,13,8,33,70,30,70,0
2021-06-15,0,54,19,14,8,31,74,32,67,0
2021-06-16,0,52,18,14,6,36,70,16,58,0
2021-06-17,0,52,18,13,8,31,81,29,68,0
2021-06-18,0,52,20,14,8,32,68,24,70,0
2021-06-19,0,47,17,13,4,34,71,18,60,0
2021-06-20,0,47,14,12,4,35,76,18,55,0
2021-06-21,0,53,18,14,8,34,73,22,66,0
2021-06-22,0,52,18,15,8,34,73,26,66,0
2021-06-23,0,52,17,16,9,34,80,23,69,0
2021-06-24,0,49,17,16,7,26,73,26,68,0
2021-06-25,0,100,20,14,7,34,82,24,62,0
2021-06-26,0,62,22,15,4,32,81,18,60,0
2021-06-27,0,54,19,15,6,29,77,22,57,0
2021-06-28,0,55,18,14,8,33,69,26,66,0
2021-06-29,0,55,19,14,8,36,71,24,69,0
2021-06-30,0,60,20,13,9,34,84,24,68,0
2021-07-01,0,60,21,13,7,33,85,27,70,0
2021-07-02,0,58,19,16,8,35,82,23,59,0
2021-07-03,0,57,20,14,4,28,80,20,69,0
2021-07-04,0,57,21,15,5,31,82,15,61,6
2021-07-05,0,79,27,19,11,29,77,23,67,0
2021-07-06,0,79,26,20,10,31,87,18,68,0
2021-07-07,0,80,25,18,11,35,72,27,70,0
2021-07-08,0,75,23,19,11,25,75,20,67,0
2021-07-09,0,78,27,20,10,38,77,22,60,0
2021-07-10,0,78,27,20,6,32,84,16,61,0
2021-07-11,0,72,25,19,7,33,66,16,50,0
2021-07-12,0,68,22,19,11,25,73,21,55,0
2021-07-13,0,70,18,25,10,23,69,20,62,0
2021-07-14,0,73,19,21,10,26,70,20,55,0
2021-07-15,0,74,21,18,10,25,77,23,63,0
2021-07-16,0,75,25,17,8,28,74,20,59,0
2021-07-17,0,75,23,20,7,35,76,16,54,0
2021-07-18,0,75,23,15,7,28,82,18,59,0
2021-07-19,0,76,26,18,9,32,80,22,69,0
2021-07-20,0,78,23,20,10,35,88,22,71,0
2021-07-21,0,74,24,22,11,36,82,23,73,0
2021-07-22,0,75,27,18,11,29,86,23,66,0
2021-07-23,0,73,27,17,9,43,78,20,65,0
2021-07-24,0,78,27,25,5,31,84,17,64,0
2021-07-25,0,78,28,22,6,34,83,19,61,0
2021-07-26,0,76,28,23,11,30,90,26,70,0
2021-07-27,0,76,24,23,11,35,80,19,64,0
2021-07-28,0,76,24,22,10,34,81,20,75,0
2021-07-29,0,73,24,21,9,34,79,22,65,0
2021-07-30,0,77,26,16,8,28,76,22,57,0
2021-07-31,0,82,26,18,6,33,81,15,54,0
2021-08-01,0,70,26,16,6,29,73,19,52,0
2021-08-02,0,76,26,21,11,30,78,25,63,0
2021-08-03,0,73,24,19,12,36,71,24,59,0
2021-08-04,0,78,27,18,10,35,77,25,65,0
2021-08-05,0,77,25,19,9,26,72,21,61,0
2021-08-06,0,82,22,16,10,37,72,24,59,0
2021-08-07,0,82,24,16,5,33,76,18,53,0
2021-08-08,0,91,24,16,6,30,69,14,52,0
2021-08-09,0,80,23,18,7,30,69,21,51,0
2021-08-10,0,82,21,17,11,28,74,23,51,0
2021-08-11,0,78,21,16,9,27,73,20,63,0
2021-08-12,0,83,24,17,9,31,81,25,67,0
2021-08-13,0,83,22,16,9,32,76,24,65,0
2021-08-14,0,78,24,20,6,29,73,15,55,0
2021-08-15,0,67,24,19,6,32,72,16,55,0
2021-08-16,0,71,24,19,11,27,73,21,75,0
2021-08-17,0,78,27,17,10,32,71,25,63,0
2021-08-18,0,79,25,18,10,23,71,24,67,0
2021-08-19,0,83,26,19,12,26,71,21,59,0
2021-08-20,0,88,22,17,9,29,69,19,62,0
2021-08-21,0,100,23,19,6,34,70,17,48,0
2021-08-22,0,94,24,15,7,30,55,19,52,0
2021-08-23,0,87,24,22,12,30,71,25,59,0
2021-08-24,0,94,26,21,10,25,81,21,67,0
2021-08-25,0,94,27,24,10,27,70,19,62,0
2021-08-26,0,93,28,23,11,28,68,23,57,0
2021-08-27,0,82,27,18,10,31,72,18,61,0
2021-08-28,0,79,27,18,5,26,71,17,53,0
2021-08-29,0,74,27,17,6,32,66,18,45,0
2021-08-30,0,80,26,18,10,31,67,18,62,0
2021-08-31,0,84,32,16,11,28,71,21,60,0
2021-09-01,0,84,36,20,10,33,73,23,52,0
2021-09-02,0,83,34,15,9,28,63,24,56,0
2021-09-03,0,81,30,14,9,36,74,13,53,0
2021-09-04,0,91,28,18,5,35,72,16,50,0
2021-09-05,0,79,28,17,7,32,69,16,55,0
2021-09-06,0,72,27,16,12,31,68,21,57,0
2021-09-07,2,83,28,17,11,31,66,24,49,0
2021-09-08,0,79,27,16,9,33,68,21,59,0
2021-09-09,0,88,26,16,10,37,65,21,62,0
2021-09-10,0,81,26,14,9,30,70,22,55,0
2021-09-11,0,78,24,14,7,29,73,17,48,0
2021-09-12,0,86,24,16,7,31,64,16,47,0
2021-09-13,0,79,28,15,11,39,76,24,51,0
2021-09-14,0,81,25,17,10,67,64,22,63,0
2021-09-15,0,84,26,19,10,47,68,25,61,0
2021-09-16,0,78,26,17,10,27,69,23,64,0
2021-09-17,0,87,27,17,10,33,70,21,62,0
2021-09-18,0,81,29,19,6,30,78,17,49,0
2021-09-19,0,75,28,17,6,35,69,14,49,0
2021-09-20,0,77,28,19,8,38,64,18,56,0
2021-09-21,0,80,31,19,11,33,63,21,59,0
2021-09-22,0,77,29,18,9,32,60,25,56,0
2021-09-23,0,86,32,20,7,30,66,18,52,0
2021-09-24,0,90,34,19,4,37,76,16,53,0
2021-09-25,0,85,29,16,5,28,65,13,45,0
2021-09-26,0,78,24,16,5,30,66,16,48,0
2021-09-27,0,79,28,17,11,30,64,19,58,0
2021-09-28,0,84,28,17,9,33,66,21,54,0
2021-09-29,0,77,30,16,9,24,65,23,58,0
2021-09-30,0,91,33,16,9,28,73,19,57,0
2021-10-01,0,90,26,19,8,34,64,19,51,0
2021-10-02,0,79,31,19,7,38,68,13,46,0
2021-10-03,0,77,26,18,5,29,71,15,42,0
2021-10-04,0,92,28,20,11,27,71,16,59,0
2021-10-05,0,94,30,16,10,35,78,27,62,0
2021-10-06,0,83,31,19,12,32,68,23,60,0
2021-10-07,0,90,27,19,10,31,72,22,59,0
2021-10-08,0,83,27,18,8,33,69,23,56,0
2021-10-09,0,74,25,18,4,29,76,15,55,0
2021-10-10,0,77,23,17,6,39,70,18,50,0
2021-10-11,0,75,26,17,8,30,69,25,60,0
2021-10-12,0,78,26,17,12,32,74,24,54,0
2021-10-13,0,82,26,18,12,32,72,21,56,0
2021-10-14,0,82,23,19,10,32,66,21,57,0
2021-10-15,0,83,25,17,7,29,68,24,52,0
2021-10-16,0,81,25,17,5,35,64,17,48,0
2021-10-17,0,78,27,17,5,45,72,19,48,0
2021-10-18,0,80,24,17,12,56,66,24,66,0
2021-10-19,0,79,28,17,10,59,70,20,57,0
2021-10-20,0,76,25,16,9,33,59,21,48,0
2021-10-21,0,77,31,17,10,33,64,20,55,0
2021-10-22,0,79,27,14,9,29,65,21,47,0
2021-10-23,0,78,29,17,6,34,71,13,50,0
2021-10-24,0,63,30,16,6,26,67,14,48,0
2021-10-25,0,75,33,19,9,38,66,23,54,0
2021-10-26,0,79,34,18,10,30,73,18,57,0
2021-10-27,0,64,32,19,9,33,68,20,53,0
2021-10-28,0,71,31,21,11,31,67,22,59,0
2021-10-29,0,77,29,19,8,29,67,17,58,0
2021-10-30,0,63,31,17,5,34,62,13,48,0
2021-10-31,0,71,29,23,6,36,63,18,53,0
2021-11-01,0,72,30,31,5,35,72,20,54,0
2021-11-02,0,69,25,21,9,26,66,23,54,0
2021-11-03,0,67,27,21,10,32,62,22,55,0
2021-11-04,0,75,27,21,10,29,68,24,59,0
2021-11-05,0,71,27,25,10,27,63,22,56,0
2021-11-06,0,73,26,22,5,27,70,14,48,0
2021-11-07,0,69,25,22,5,26,68,13,49,0
2021-11-08,0,74,29,26,12,33,72,20,62,0
2021-11-09,0,78,27,22,11,35,68,23,62,0
2021-11-10,0,77,27,23,10,30,67,25,66,0
2021-11-11,0,73,26,23,7,29,61,20,57,0
2021-11-12,0,76,26,23,8,33,69,18,56,0
2021-11-13,0,81,27,22,6,34,66,15,51,0
2021-11-14,0,77,27,26,8,36,74,18,52,0
2021-11-15,0,77,31,25,9,28,74,22,64,0
2021-11-16,0,76,31,24,9,31,71,26,55,0
2021-11-17,0,76,27,23,7,35,67,25,67,0
2021-11-18,0,76,30,24,9,26,62,21,61,0
2021-11-19,0,79,31,25,8,30,71,18,49,0
2021-11-20,0,79,30,23,5,35,74,15,50,0
2021-11-21,0,72,30,28,5,32,69,19,49,0
2021-11-22,0,76,34,29,8,39,75,19,63,0
2021-11-23,0,72,34,29,8,38,74,19,62,0
2021-11-24,0,75,33,33,8,33,80,25,59,0
2021-11-25,0,70,41,37,9,32,78,23,66,0
2021-11-26,0,71,46,45,6,44,100,23,61,0
2021-11-27,0,78,33,31,5,34,86,14,55,0
2021-11-28,0,76,32,31,5,35,79,15,50,0
2021-11-29,0,76,36,30,8,38,78,21,57,0
2021-11-30,0,81,36,25,9,33,73,20,54,0
2021-12-01,0,76,35,23,7,38,73,19,55,0
2021-12-02,0,80,32,20,9,38,73,16,55,0
2021-12-03,0,84,32,25,8,40,79,16,50,0
2021-12-04,0,82,28,23,5,34,74,10,40,0
2021-12-05,0,83,29,24,7,38,74,11,53,0
2021-12-06,0,88,34,24,8,35,66,23,57,0
2021-12-07,0,83,32,23,7,33,78,17,57,0
2021-12-08,0,82,32,22,8,37,66,18,51,0
2021-12-09,0,84,31,26,9,34,81,18,61,0
2021-12-10,0,89,30,25,7,35,82,15,49,0
2021-12-11,0,80,32,24,5,41,76,14,41,0
2021-12-12,0,77,28,25,6,30,75,9,38,0
2021-12-13,0,78,31,30,8,37,73,18,49,0
2021-12-14,0,74,35,32,9,42,73,14,51,0
2021-12-15,0,72,32,27,8,30,72,19,52,0
2021-12-16,0,72,35,31,5,40,83,15,45,0
2021-12-17,0,72,33,31,7,37,79,15,51,0
2021-12-18,0,72,32,27,5,35,80,15,43,0
2021-12-19,0,67,32,26,3,32,72,12,48,0
2021-12-20,0,77,34,34,6,43,84,13,51,0
2021-12-21,0,70,34,31,6,38,88,15,47,0
2021-12-22,0,72,34,30,4,33,71,14,51,0
2021-12-23,0,71,28,28,6,34,84,13,50,0
2021-12-24,0,73,27,24,4,33,69,12,40,0
2021-12-25,0,73,22,16,4,40,79,9,28,0
2021-12-26,0,70,24,22,2,33,71,9,48,0
2021-12-27,0,70,28,24,4,35,85,10,43,0
2021-12-28,0,74,26,22,4,35,87,13,46,0
2021-12-29,0,75,23,24,5,36,80,13,48,0
2021-12-30,0,73,29,24,4,32,72,12,48,0
2021-12-31,0,69,19,18,5,33,61,9,39,0
2022-01-01,0,81,16,16,4,32,57,8,38,0
2022-01-02,0,87,18,17,7,35,76,16,51,0
2022-01-03,0,84,20,21,9,42,84,16,63,0
2022-01-04,0,85,21,21,9,42,85,15,68,0
2022-01-05,0,82,20,21,10,42,98,20,71,0
2022-01-06,0,76,20,17,9,24,57,13,41,0
2022-01-07,0,80,20,21,7,21,52,14,43,0
2022-01-08,0,81,18,19,5,32,48,11,37,0
2022-01-09,0,77,19,17,6,23,44,23,82,0
2022-01-10,0,77,17,16,9,24,51,11,51,0
2022-01-11,0,79,18,21,10,26,49,14,43,0
2022-01-12,0,81,17,19,10,24,46,25,100,0
2022-01-13,0,80,20,16,11,25,51,15,39,0
2022-01-14,0,80,19,18,9,23,50,14,44,0
2022-01-15,0,80,18,17,7,22,47,11,36,0
2022-01-16,0,82,18,17,8,24,53,11,39,0
2022-01-17,0,76,22,16,11,25,46,18,48,0
2022-01-18,0,77,18,17,15,24,53,14,45,0
2022-01-19,0,73,17,18,11,22,46,16,43,0
2022-01-20,0,72,19,16,10,26,43,22,71,0
2022-01-21,0,75,18,15,9,18,40,12,38,0
2022-01-22,0,76,20,18,7,21,47,10,40,0
2022-01-23,0,76,20,16,6,24,52,11,40,0
2022-01-24,0,74,21,16,11,22,50,17,49,0
2022-01-25,0,77,23,15,12,23,45,19,45,0
2022-01-26,0,77,25,16,12,21,47,14,43,0
2022-01-27,0,74,26,20,11,21,46,18,47,0
2022-01-28,0,77,22,19,10,20,45,14,38,0
2022-01-29,0,80,26,21,7,25,49,12,38,0
2022-01-30,0,74,23,19,5,22,50,12,43,0
2022-01-31,0,69,23,19,11,24,46,17,45,0
2022-02-01,0,79,24,16,11,20,49,18,44,0
2022-02-02,0,80,22,14,11,25,48,16,49,0
2022-02-03,0,76,23,17,10,23,47,19,49,0
2022-02-04,0,82,21,16,10,22,49,14,44,0
2022-02-05,0,90,25,17,6,21,47,13,41,0
2022-02-06,0,84,22,16,7,26,45,12,38,0
2022-02-07,0,78,22,16,11,22,43,17,46,0
2022-02-08,0,82,20,16,12,20,48,18,46,0
2022-02-09,0,85,22,15,12,20,50,17,48,0
2022-02-10,0,74,19,15,14,23,53,17,48,0
2022-02-11,0,86,20,13,10,22,52,11,46,0
2022-02-12,0,80,20,17,6,22,47,21,80,0
2022-02-13,0,79,20,14,9,23,48,14,43,0
2022-02-14,0,73,15,15,12,22,47,15,49,0
2022-02-15,0,75,19,16,13,19,46,21,54,0
2022-02-16,0,80,19,15,11,21,47,20,46,0
2022-02-17,0,80,20,14,11,22,48,16,54,0
2022-02-18,0,86,20,15,11,20,49,14,50,0
2022-02-19,0,86,21,16,7,21,53,12,43,0
2022-02-20,0,81,20,16,8,21,47,13,49,0
2022-02-21,0,73,22,18,12,22,44,25,82,0
2022-02-22,0,78,27,16,13,21,48,18,49,0
2022-02-23,0,73,17,16,11,19,39,17,48,0
2022-02-24,0,72,19,15,11,20,42,18,50,0
2022-02-25,0,77,23,17,10,18,47,18,47,0
2022-02-26,0,77,23,19,8,18,50,15,47,0
2022-02-27,0,75,21,15,8,21,43,12,41,0
2022-02-28,0,72,21,17,11,22,48,19,46,0
2022-03-01,0,72,20,15,12,22,46,19,50,0
2022-03-02,0,77,22,17,13,22,47,23,50,0
2022-03-03,0,79,23,14,14,20,50,25,70,0
2022-03-04,0,83,23,17,11,22,51,20,51,0
2022-03-05,0,83,23,18,8,20,50,16,45,0
2022-03-06,0,72,21,14,9,22,50,17,42,0
2022-03-07,0,72,22,13,13,24,50,24,52,0
2022-03-08,0,79,21,17,12,29,47,18,50,0
2022-03-09,0,74,20,17,12,28,50,23,55,0
2022-03-10,0,82,23,17,14,24,47,25,51,0
2022-03-11,0,79,20,17,14,21,47,20,50,0
2022-03-12,0,84,21,16,6,22,53,17,45,0
2022-03-13,0,78,21,17,8,23,50,16,46,0
2022-03-14,0,78,21,18,14,22,49,24,52,0
2022-03-15,0,79,24,15,14,22,49,23,48,0
2022-03-16,0,77,23,17,12,20,51,23,50,0
2022-03-17,1,87,26,17,15,24,48,21,47,0
2022-03-18,0,91,25,18,12,25,56,17,51,0
2022-03-19,0,83,24,16,7,22,63,12,44,0
2022-03-20,0,87,23,16,8,21,53,19,73,0
2022-03-21,0,89,24,18,9,28,55,22,48,0
2022-03-22,0,96,24,17,14,24,55,23,45,0
2022-03-23,0,94,23,17,15,25,55,20,54,0
2022-03-24,0,93,26,20,14,24,58,20,52,0
2022-03-25,0,87,27,18,12,25,51,22,75,2
2022-03-26,0,90,28,22,9,25,65,15,48,0
2022-03-27,1,90,27,19,8,21,60,18,44,0
2022-03-28,0,78,26,18,12,23,55,22,51,0
2022-03-29,0,87,25,18,14,22,55,19,49,0
2022-03-30,0,90,24,18,13,22,54,19,48,0
2022-03-31,0,92,27,17,12,22,58,19,47,0
2022-04-01,0,100,24,20,11,22,52,16,42,0
2022-04-02,0,87,22,18,8,23,52,11,35,0
2022-04-03,0,89,25,18,6,22,54,13,43,0
2022-04-04,0,85,25,19,13,20,53,16,46,0
2022-04-05,0,85,25,17,13,21,52,21,46,0
2022-04-06,0,76,23,19,13,21,47,18,42,0
2022-04-07,0,84,24,16,12,24,49,18,46,0
2022-04-08,0,85,24,16,14,22,52,20,44,0
2022-04-09,1,78,25,17,7,25,52,18,77,0
2022-04-10,0,77,24,14,8,20,51,12,40,0
2022-04-11,0,71,22,16,13,22,50,16,42,0
2022-04-12,0,71,23,15,10,19,51,18,42,0
2022-04-13,0,76,23,18,12,22,50,13,51,0
2022-04-14,0,77,23,17,12,25,58,14,44,0
2022-04-15,0,79,23,20,8,22,52,12,40,2
2022-04-16,0,74,23,20,6,26,50,17,72,0
2022-04-17,0,77,22,17,8,24,57,12,38,0
2022-04-18,0,71,26,21,8,23,56,16,42,0
2022-04-19,0,65,23,18,11,22,53,19,70,0
2022-04-20,0,70,25,18,13,24,51,20,53,0
2022-04-21,0,75,24,19,13,22,51,20,47,0
2022-04-22,0,79,22,18,11,24,57,17,48,0
2022-04-23,0,81,23,19,9,21,53,12,39,0
2022-04-24,0,76,24,16,7,19,51,15,39,0
2022-04-25,0,84,24,18,10,23,46,16,46,0
2022-04-26,0,80,27,19,11,21,51,19,44,0
2022-04-27,0,78,26,20,8,24,48,16,46,0
2022-04-28,0,75,30,19,12,20,53,19,43,0
2022-04-29,0,80,28,16,10,20,51,16,43,0
2022-04-30,0,78,28,20,6,22,56,13,35,0
2022-05-01,0,80,28,18,7,23,47,12,35,0
2022-05-02,0,79,29,19,7,23,50,15,40,0
2022-05-03,0,75,24,14,10,21,45,18,45,0
2022-05-04,0,73,20,18,10,21,48,15,43,0
2022-05-05,0,75,27,16,13,22,57,16,49,0
2022-05-06,0,78,25,14,10,24,48,14,42,0
2022-05-07,0,75,23,15,7,24,49,10,36,0
2022-05-08,0,68,20,13,7,24,47,9,36,0
2022-05-09,0,77,24,14,13,21,49,19,46,0
2022-05-10,0,80,22,16,11,20,47,21,44,0
2022-05-11,0,79,22,15,11,23,49,21,49,0
2022-05-12,0,77,21,15,12,23,46,22,73,0
2022-05-13,0,85,20,17,10,25,46,16,43,0
2022-05-14,0,71,23,15,8,20,49,11,37,0
2022-05-15,0,67,20,16,7,18,48,11,42,0
2022-05-16,0,74,20,17,13,23,51,15,41,0
2022-05-17,0,75,22,16,12,20,49,18,46,0
2022-05-18,0,76,22,15,11,27,49,20,44,0
2022-05-19,0,75,20,16,12,25,50,23,44,0
2022-05-20,0,75,24,16,11,24,46,17,41,0
2022-05-21,0,72,23,18,7,21,55,12,42,0
2022-05-22,0,67,23,15,6,22,47,11,34,0
2022-05-23,0,74,25,19,14,26,51,20,50,0
2022-05-24,0,72,24,20,13,22,51,20,43,0
2022-05-25,0,73,24,20,12,23,48,17,47,0
2022-05-26,0,76,28,20,11,24,50,15,44,0
2022-05-27,0,76,25,21,10,24,53,15,42,0
2022-05-28,0,74,25,20,6,22,48,11,38,0
2022-05-29,0,67,23,17,7,24,50,11,36,0
2022-05-30,0,71,25,18,12,22,53,18,40,0
2022-05-31,0,71,26,18,12,25,50,16,44,0
2022-06-01,0,76,26,17,11,20,50,14,42,0
2022-06-02,0,80,25,19,10,19,50,17,41,0
2022-06-03,0,81,28,18,10,26,52,20,81,0
2022-06-04,0,80,29,18,7,25,50,11,32,0
2022-06-05,0,76,25,15,7,23,55,12,33,0
2022-06-06,0,75,25,18,10,29,47,17,41,0
2022-06-07,0,70,25,16,11,33,49,15,38,0
2022-06-08,0,77,26,16,14,27,48,19,44,0
2022-06-09,0,77,25,15,11,25,50,14,39,0
2022-06-10,0,77,27,16,11,24,47,13,38,0
2022-06-11,0,76,24,17,6,24,55,14,39,0
2022-06-12,0,71,24,15,9,23,52,12,37,0
2022-06-13,0,73,22,16,12,24,54,17,45,0
2022-06-14,0,77,24,15,11,22,50,17,40,0
2022-06-15,0,75,21,18,10,21,49,12,42,0
2022-06-16,0,71,25,20,7,26,54,11,37,0
2022-06-17,0,77,24,17,10,24,54,15,38,0
2022-06-18,0,74,25,18,5,24,52,12,34,0
2022-06-19,0,69,20,16,7,21,47,21,78,0
2022-06-20,0,73,22,17,10,23,55,15,47,0
2022-06-21,0,74,24,17,10,25,51,14,43,0
2022-06-22,0,72,22,17,10,26,52,17,45,0
2022-06-23,0,75,22,16,11,24,56,16,42,0
2022-06-24,0,76,25,19,8,20,51,13,41,0
2022-06-25,0,75,24,22,6,24,57,10,41,0
2022-06-26,0,71,30,23,7,22,52,9,39,0
2022-06-27,0,70,28,22,9,23,53,15,47,0
2022-06-28,0,76,27,26,9,22,62,15,42,0
2022-06-29,0,74,25,23,10,23,51,13,46,0
2022-06-30,0,72,27,21,9,21,56,16,47,0
2022-07-01,0,76,24,23,8,23,52,13,44,0
2022-07-02,0,69,23,17,6,19,54,11,38,0
2022-07-03,0,73,26,21,7,20,59,8,41,0
2022-07-04,0,67,23,22,10,22,53,11,47,0
2022-07-05,0,71,21,20,10,21,52,14,45,0
2022-07-06,1,78,21,20,9,21,47,19,47,0
2022-07-07,0,82,22,22,11,22,57,17,53,0
2022-07-08,0,77,25,19,9,25,63,14,47,0
2022-07-09,0,79,24,17,6,26,63,9,40,0
2022-07-10,0,84,21,17,6,25,62,10,38,0
2022-07-11,0,84,23,21,12,23,59,14,50,0
2022-07-12,0,85,23,22,10,26,56,18,50,0
2022-07-13,0,88,22,18,12,27,64,24,96,0
2022-07-14,0,79,26,21,10,25,56,16,49,0
2022-07-15,0,89,23,19,10,25,58,12,41,0
2022-07-16,0,90,25,21,6,26,66,9,44,0
2022-07-17,0,83,25,22,7,29,59,11,45,0
2022-07-18,0,91,25,20,10,23,58,15,45,0
2022-07-19,0,88,21,16,11,23,56,15,48,0
2022-07-20,0,81,24,18,13,30,52,17,53,0
2022-07-21,0,80,22,16,12,27,56,15,52,0
2022-07-22,0,81,25,17,11,25,58,15,43,0
2022-07-23,0,76,28,20,6,27,60,13,40,0
2022-07-24,0,79,27,19,9,28,58,11,42,0
2022-07-25,0,77,26,22,11,30,56,17,50,0
2022-07-26,0,75,28,21,11,24,58,17,52,0
2022-07-27,0,80,27,21,12,26,56,17,48,0
2022-07-28,0,84,29,21,11,27,54,15,48,0
2022-07-29,0,82,26,21,11,26,57,13,40,0
2022-07-30,0,84,27,22,7,26,53,9,40,0
2022-07-31,0,78,24,19,7,22,54,15,43,0
2022-08-01,0,77,26,18,13,21,57,16,49,0
2022-08-02,0,79,26,19,12,22,52,17,48,0
2022-08-03,0,79,26,19,11,25,52,19,49,0
2022-08-04,0,81,27,20,10,26,54,17,50,0
2022-08-05,0,78,23,18,11,24,54,15,39,0
2022-08-06,0,73,23,17,6,24,56,13,38,0
2022-08-07,0,77,22,19,8,19,53,12,38,0
2022-08-08,0,81,25,19,10,24,58,16,47,0
2022-08-09,0,73,22,22,8,26,54,13,42,0
2022-08-10,0,76,22,20,12,21,54,19,45,0
2022-08-11,0,81,22,22,13,21,49,18,45,0
2022-08-12,0,81,23,21,12,23,49,14,42,0
2022-08-13,2,79,18,18,6,21,50,12,40,0
2022-08-14,0,73,21,21,9,24,53,10,40,0
2022-08-15,0,72,23,21,13,23,53,20,48,0
2022-08-16,0,75,24,26,12,23,51,17,49,0
2022-08-17,0,79,26,26,12,24,54,16,48,0
2022-08-18,0,79,23,20,11,22,53,27,80,0
2022-08-19,0,86,25,21,8,30,52,13,45,0
2022-08-20,0,85,21,18,6,26,56,14,40,0
2022-08-21,0,79,25,20,7,27,50,9,40,0
2022-08-22,0,100,27,19,10,23,48,19,48,0
2022-08-23,0,88,26,16,12,28,50,16,49,0
2022-08-24,0,87,22,19,12,24,52,17,46,0
2022-08-25,0,81,28,20,11,23,49,15,42,0
2022-08-26,0,87,30,22,10,26,56,15,44,0
2022-08-27,0,73,26,20,6,18,54,13,37,0
2022-08-28,0,71,24,22,7,24,52,9,33,0
2022-08-29,0,75,28,20,10,23,49,15,42,0
2022-08-30,0,76,26,19,8,24,50,17,45,0
2022-08-31,0,78,24,18,9,22,47,14,41,0
2022-09-01,0,73,27,16,10,22,49,13,47,0
2022-09-02,0,78,26,18,9,23,54,17,43,0
2022-09-03,0,72,24,17,5,21,48,11,36,0
2022-09-04,0,69,21,15,7,25,52,11,35,0
2022-09-05,0,71,26,16,12,23,51,14,43,0
2022-09-06,0,73,22,16,12,27,52,18,42,0
2022-09-07,0,72,22,15,11,49,43,19,38,0
2022-09-08,0,70,24,14,11,36,48,14,42,0
2022-09-09,0,76,21,17,10,29,47,15,41,0
2022-09-10,0,73,21,16,7,27,45,9,40,0
2022-09-11,0,69,21,15,7,24,50,15,36,0
2022-09-12,0,75,23,14,11,31,48,16,43,0
2022-09-13,0,69,21,17,10,33,46,18,40,0
2022-09-14,0,68,22,17,11,25,46,16,41,0
2022-09-15,0,68,23,16,10,30,49,18,42,0
2022-09-16,0,70,25,17,9,33,50,18,44,0
2022-09-17,0,72,23,18,6,28,52,11,38,0
2022-09-18,0,65,24,20,8,24,48,11,41,0
2022-09-19,0,67,25,21,10,27,54,23,92,0
2022-09-20,0,76,25,19,9,26,49,18,45,0
2022-09-21,0,76,29,20,12,30,49,17,49,0
2022-09-22,0,77,30,19,9,31,55,19,49,0
2022-09-23,0,76,26,20,10,30,56,14,44,0
2022-09-24,0,77,25,21,5,31,51,10,40,0
2022-09-25,0,78,28,18,10,28,55,13,38,0
2022-09-26,0,76,30,19,10,27,55,16,45,0
2022-09-27,0,80,30,18,12,29,50,16,48,0
2022-09-28,0,83,29,17,10,26,56,15,46,0
2022-09-29,0,81,30,19,10,25,55,16,48,0
2022-09-30,0,80,27,19,10,26,53,9,44,0
2022-10-01,0,75,26,17,4,23,50,10,44,0
2022-10-02,0,71,26,19,7,23,46,8,35,0
2022-10-03,0,78,27,17,10,25,55,13,42,0
2022-10-04,0,79,26,20,12,24,47,15,41,0
2022-10-05,0,86,25,17,10,25,49,16,45,0
2022-10-06,0,85,27,18,10,22,52,17,42,0
2022-10-07,0,81,24,17,10,23,50,15,43,0
2022-10-08,0,79,27,15,7,27,51,11,38,0
2022-10-09,0,71,23,15,7,21,49,12,34,0
2022-10-10,0,78,23,17,13,29,55,16,44,0
2022-10-11,0,77,24,15,11,25,45,18,43,0
2022-10-12,0,76,23,15,12,22,51,16,49,0
2022-10-13,0,80,22,18,12,24,48,16,42,0
2022-10-14,0,87,23,16,10,27,52,17,40,0
2022-10-15,0,79,22,16,6,25,59,14,44,0
2022-10-16,0,78,22,15,6,25,50,10,39,0
2022-10-17,0,76,21,16,11,30,52,16,43,0
2022-10-18,0,73,23,17,10,28,50,16,40,0
2022-10-19,0,74,22,14,10,28,51,14,44,0
2022-10-20,0,71,24,15,10,25,51,24,76,0
2022-10-21,0,79,26,16,11,27,48,16,40,0
2022-10-22,0,74,24,17,6,24,49,12,38,0
2022-10-23,0,66,23,17,9,30,50,13,34,0
2022-10-24,0,71,24,17,11,24,48,17,47,0
2022-10-25,0,75,25,17,11,25,46,18,43,0
2022-10-26,0,75,30,17,10,25,50,15,41,0
2022-10-27,0,71,27,20,11,23,52,14,41,0
2022-10-28,0,77,25,20,8,25,53,14,42,0
2022-10-29,0,75,23,16,4,22,44,12,34,0
2022-10-30,0,70,24,17,5,23,54,15,35,0
2022-10-31,0,75,23,16,10,24,53,18,45,0
2022-11-01,0,81,23,19,9,22,50,18,38,0
2022-11-02,0,76,23,16,9,26,47,16,41,0
2022-11-03,0,78,23,19,10,27,50,19,45,0
2022-11-04,0,82,24,18,9,32,54,14,43,0
2022-11-05,0,73,25,15,5,27,53,12,37,0
2022-11-06,0,72,22,19,5,22,51,10,34,0
2022-11-07,0,77,23,19,10,28,45,17,42,0
2022-11-08,0,81,25,18,11,26,50,18,47,0
2022-11-09,0,76,20,18,9,24,51,18,41,0
2022-11-10,0,80,25,19,9,23,47,15,38,0
2022-11-11,0,77,25,16,9,26,49,13,42,0
2022-11-12,0,68,21,20,4,23,48,11,36,0
2022-11-13,0,71,24,18,6,24,56,12,40,0
2022-11-14,0,74,24,20,9,26,54,17,46,0
2022-11-15,0,74,24,21,10,26,57,14,43,0
2022-11-16,0,75,26,21,9,30,51,15,41,0
2022-11-17,0,71,26,23,10,25,53,14,42,0
2022-11-18,0,77,25,23,8,26,57,16,38,0
2022-11-19,0,77,25,21,6,27,58,10,41,0
2022-11-20,0,67,25,23,6,25,51,10,38,0
2022-11-21,0,65,29,27,8,27,55,15,44,0
2022-11-22,0,69,28,26,9,28,56,16,42,0
2022-11-23,0,71,29,33,8,26,53,18,50,0
2022-11-24,0,75,34,37,10,26,61,16,49,0
2022-11-25,0,63,37,51,7,32,73,12,50,0
2022-11-26,0,66,28,33,5,29,69,12,47,0
2022-11-27,0,72,29,30,6,28,66,10,46,0
2022-11-28,0,68,33,28,9,30,66,15,51,0
2022-11-29,0,72,28,22,8,27,53,11,45,0
2022-11-30,0,75,32,24,9,31,52,11,44,0
2022-12-01,0,76,31,23,9,26,51,10,39,0
2022-12-02,0,77,27,22,7,22,50,10,32,0
2022-12-03,0,73,27,21,5,20,56,13,37,0
2022-12-04,0,69,26,24,3,29,59,7,38,0
2022-12-05,0,74,26,21,10,25,59,13,45,0
2022-12-06,0,74,29,21,8,26,56,13,41,0
2022-12-07,0,70,28,26,9,27,56,10,45,0
2022-12-08,0,64,30,27,9,26,53,13,46,0
2022-12-09,0,67,24,19,6,23,48,10,34,0
2022-12-10,0,69,25,22,3,25,49,8,35,0
2022-12-11,0,74,28,26,5,28,62,9,41,0
2022-12-12,0,74,27,25,9,28,58,12,47,0
2022-12-13,0,71,28,27,9,30,59,11,46,0
2022-12-14,0,73,30,25,7,25,58,10,45,0
2022-12-15,0,69,31,27,7,30,62,13,35,0
2022-12-16,0,67,31,34,6,32,57,20,100,0
2022-12-17,0,69,29,28,4,27,66,14,42,0
2022-12-18,0,61,25,25,5,23,51,18,93,0
2022-12-19,0,66,30,28,6,31,59,15,43,0
2022-12-20,0,74,31,30,8,28,65,12,44,0
2022-12-21,0,74,29,29,6,28,61,9,41,0
2022-12-22,0,71,33,31,7,28,60,11,43,0
2022-12-23,0,72,29,27,5,30,58,10,37,0
2022-12-24,0,73,26,23,5,27,56,8,34,0
2022-12-25,0,71,18,16,5,35,61,9,35,0
2022-12-26,0,70,24,23,5,26,54,18,100,0
2022-12-27,0,71,24,22,5,28,60,9,36,0
2022-12-28,0,75,20,22,7,29,64,8,36,0
2022-12-29,0,76,20,21,6,27,61,9,35,0
2022-12-30,0,70,18,19,4,25,58,8,37,0
2022-12-31,0,73,18,17,3,21,54,11,32,0
2023-01-01,0,81,19,13,5,29,49,8,34,0
2023-01-02,0,74,21,23,6,25,52,7,38,0
2023-01-03,0,70,21,22,7,24,60,9,46,0
2023-01-04,0,74,20,18,9,26,56,10,52,0
2023-01-05,0,78,20,19,8,29,57,12,49,0
2023-01-06,0,76,19,19,8,26,53,13,43,0
2023-01-07,0,78,19,18,5,25,54,11,41,0
2023-01-08,0,65,15,15,6,25,44,11,40,0
2023-01-09,0,65,17,17,10,26,52,14,48,0
2023-01-10,0,64,16,16,10,25,53,20,98,0
2023-01-11,0,63,17,17,10,28,53,12,52,0
2023-01-12,0,63,18,19,9,22,51,15,51,0
2023-01-13,0,66,16,17,8,25,50,12,53,0
2023-01-14,0,62,16,17,6,24,51,12,41,0
2023-01-15,0,60,16,19,5,26,49,10,47,0
2023-01-16,0,67,16,19,10,26,45,17,48,0
2023-01-17,0,67,18,17,10,26,43,16,52,0
2023-01-18,0,65,14,17,8,25,44,14,46,0
2023-01-19,0,63,15,15,9,24,43,16,46,0
2023-01-20,0,60,17,17,8,23,44,13,46,0
2023-01-21,0,63,17,16,6,21,46,14,40,0
2023-01-22,0,63,17,15,5,24,44,12,40,0
2023-01-23,0,56,21,19,12,25,42,18,52,0
2023-01-24,0,63,19,16,10,26,48,17,51,0
2023-01-25,0,59,21,16,17,25,48,17,50,0
2023-01-26,0,56,21,19,11,24,41,17,51,0
2023-01-27,0,64,24,18,9,28,46,15,47,0
2023-01-28,0,65,27,17,6,27,48,12,45,0
2023-01-29,0,62,25,19,7,27,50,12,43,0
2023-01-30,0,55,23,17,11,22,47,14,47,0
2023-01-31,0,59,22,15,9,28,47,19,49,0
2023-02-01,0,61,22,14,9,24,52,22,97,0
2023-02-02,0,58,21,17,11,22,69,17,55,0
2023-02-03,0,68,23,14,9,23,60,15,50,0
2023-02-04,0,66,23,15,6,23,57,8,48,0
2023-02-05,0,63,22,15,6,25,54,12,43,0
2023-02-06,0,68,23,17,9,24,57,19,49,0
2023-02-07,0,68,21,15,10,21,56,15,51,0
2023-02-08,0,70,20,15,12,21,50,15,51,0
2023-02-09,0,70,18,15,10,22,48,18,54,0
2023-02-10,0,63,18,14,8,26,50,14,49,0
2023-02-11,0,59,19,13,6,23,52,12,45,0
2023-02-12,0,63,19,15,6,24,51,10,44,0
2023-02-13,0,68,20,15,11,24,51,25,100,0
2023-02-14,0,64,15,14,10,22,48,16,57,0
2023-02-15,0,67,16,14,12,23,50,16,46,0
2023-02-16,0,70,19,14,9,21,50,18,51,0
2023-02-17,0,69,17,13,9,21,52,16,47,0
2023-02-18,0,64,17,14,6,20,50,16,49,0
2023-02-19,0,63,17,15,7,23,50,13,45,0
2023-02-20,0,64,17,16,10,21,51,18,52,0
2023-02-21,0,71,18,16,13,20,50,17,54,0
2023-02-22,0,71,18,16,11,20,50,21,52,0
2023-02-23,0,69,18,16,11,18,48,15,57,0
2023-02-24,0,73,20,18,10,23,51,20,53,0
2023-02-25,0,66,20,20,6,18,53,12,51,0
2023-02-26,0,66,19,16,5,25,52,13,49,0
2023-02-27,0,67,18,15,11,24,56,20,56,0
2023-02-28,0,70,21,15,10,23,47,19,53,0
2023-03-01,0,71,18,15,10,24,48,19,49,0
2023-03-02,0,68,22,14,10,20,42,19,51,0
2023-03-03,0,73,21,14,10,20,48,16,48,0
2023-03-04,0,66,23,14,6,21,50,14,47,0
2023-03-05,0,66,20,15,8,20,45,15,45,0
2023-03-06,0,72,18,13,11,22,46,21,48,0
2023-03-07,0,80,19,12,13,20,45,20,55,0
2023-03-08,0,82,19,15,11,22,48,21,51,0
2023-03-09,0,84,18,12,11,20,47,19,54,0
2023-03-10,0,87,20,14,9,21,47,20,55,0
2023-03-11,0,79,19,14,7,23,49,14,50,0
2023-03-12,0,76,16,14,7,21,50,14,48,0
2023-03-13,0,70,17,13,12,21,49,18,54,0
2023-03-14,0,75,17,13,12,20,46,21,57,0
2023-03-15,0,72,18,13,10,24,45,23,57,0
2023-03-16,0,71,19,16,11,20,46,18,52,0
2023-03-17,0,74,19,13,12,23,50,23,95,0
2023-03-18,0,74,18,16,6,22,49,13,47,0
2023-03-19,0,69,18,17,7,23,48,12,42,0
2023-03-20,0,70,21,15,10,24,49,12,52,0
2023-03-21,1,71,20,18,8,26,55,16,51,0
2023-03-22,0,67,20,16,10,22,50,17,52,0
2023-03-23,0,71,18,16,12,21,53,17,51,0
2023-03-24,0,78,22,16,11,22,50,20,89,0
2023-03-25,0,84,21,18,7,26,56,11,52,0
2023-03-26,0,76,20,16,6,21,58,14,43,0
2023-03-27,0,74,22,18,10,23,48,21,50,0
2023-03-28,0,76,21,15,10,25,52,20,52,0
2023-03-29,0,100,22,15,11,23,51,17,50,0
2023-03-30,0,80,23,18,11,23,51,16,52,0
2023-03-31,0,74,22,18,9,22,51,15,45,0
2023-04-01,1,74,22,18,6,27,52,10,46,0
2023-04-02,0,67,20,15,6,21,46,10,47,0
2023-04-03,0,75,20,18,11,26,51,17,52,0
2023-04-04,0,76,20,16,10,23,48,14,48,0
2023-04-05,0,76,20,17,9,22,47,14,46,0
2023-04-06,0,82,19,18,8,22,50,12,51,0
2023-04-07,0,82,21,18,6,23,50,8,44,0
2023-04-08,0,70,18,16,5,21,50,11,38,0
2023-04-09,0,71,19,14,4,23,49,9,40,0
2023-04-10,0,80,20,17,9,23,51,13,43,0
2023-04-11,0,77,19,15,12,23,51,18,51,0
2023-04-12,0,72,18,16,9,19,46,20,52,0
2023-04-13,0,69,18,14,11,21,52,26,91,0
2023-04-14,0,69,19,15,9,23,52,15,47,0
2023-04-15,0,70,18,17,7,23,56,10,42,0
2023-04-16,0,69,17,16,8,25,47,12,42,0
2023-04-17,0,69,20,15,11,21,44,18,52,0
2023-04-18,0,66,18,16,10,21,49,19,50,0
2023-04-19,0,72,20,14,9,19,45,20,50,0
2023-04-20,0,76,20,15,10,24,48,17,45,0
2023-04-21,0,72,19,13,9,21,43,17,43,0
2023-04-22,0,73,20,14,6,20,42,12,44,0
2023-04-23,0,74,20,15,7,20,51,12,45,0
2023-04-24,0,74,22,17,10,23,47,16,51,0
2023-04-25,0,76,21,17,10,22,44,17,47,0
2023-04-26,0,73,22,16,9,25,44,14,43,0
2023-04-27,0,72,28,19,6,21,48,12,41,0
2023-04-28,0,76,25,18,7,22,50,11,37,0
2023-04-29,0,79,24,15,5,22,48,10,45,0
2023-04-30,0,77,19,17,6,19,50,9,36,0
2023-05-01,0,73,23,16,6,23,48,21,85,0
2023-05-02,0,66,20,15,9,21,45,14,44,0
2023-05-03,0,69,19,13,10,18,38,13,43,0
2023-05-04,0,69,20,15,9,20,46,16,47,0
2023-05-05,0,78,22,15,8,18,52,13,43,0
2023-05-06,0,71,21,13,6,22,50,13,40,0
2023-05-07,0,62,18,14,7,24,45,11,42,0
2023-05-08,0,67,19,15,11,21,47,18,48,0
2023-05-09,0,68,20,13,10,23,45,16,45,0
2023-05-10,0,74,19,16,11,21,49,26,91,0
2023-05-11,0,69,19,15,11,22,46,17,52,0
2023-05-12,0,76,21,15,7,24,43,17,45,0
2023-05-13,0,70,20,17,7,22,46,19,87,0
2023-05-14,0,66,19,13,7,22,46,9,37,0
2023-05-15,0,71,20,18,9,23,44,15,46,0
2023-05-16,0,69,21,15,9,21,42,16,49,0
2023-05-17,0,72,20,15,10,24,43,16,48,0
2023-05-18,0,69,20,15,9,23,47,14,47,0
2023-05-19,0,76,22,18,9,20,46,13,42,0
2023-05-20,0,77,20,17,6,22,45,11,36,0
2023-05-21,0,74,20,14,7,23,43,10,36,0
2023-05-22,0,71,18,14,10,24,46,16,42,0
2023-05-23,0,73,20,17,12,22,46,18,50,0
2023-05-24,0,71,21,16,10,19,43,17,46,0
2023-05-25,0,71,21,17,8,23,46,19,47,0
2023-05-26,0,73,25,18,9,21,49,15,44,0
2023-05-27,0,77,25,16,4,23,48,11,35,0
2023-05-28,0,70,22,15,6,24,47,12,37,0
2023-05-29,0,70,23,16,10,24,49,13,45,0
2023-05-30,0,73,20,18,10,20,45,18,43,0
2023-05-31,0,82,23,15,8,23,45,17,41,0
2023-06-01,0,84,22,15,9,21,44,14,49,0
2023-06-02,0,86,22,16,9,20,46,12,43,0
2023-06-03,0,94,22,15,6,23,45,12,40,0
2023-06-04,0,82,21,14,5,23,46,12,41,0
2023-06-05,0,87,20,15,10,39,42,17,48,0
2023-06-06,0,86,19,16,9,60,44,16,44,0
2023-06-07,0,84,19,13,9,32,48,18,44,0
2023-06-08,0,82,21,14,9,25,45,16,41,0
2023-06-09,0,91,19,14,8,29,48,14,44,0
2023-06-10,0,87,18,16,6,29,47,10,40,0
2023-06-11,0,78,19,13,6,25,47,12,43,0
2023-06-12,0,85,19,15,11,23,46,15,40,0
2023-06-13,0,81,19,14,10,27,45,21,91,0
2023-06-14,0,87,19,15,10,27,44,16,48,0
2023-06-15,0,90,21,16,8,22,47,10,42,0
2023-06-16,0,91,21,18,7,27,51,20,90,0
2023-06-17,0,85,20,13,5,24,47,14,40,0
2023-06-18,0,80,19,13,6,20,44,13,38,0
2023-06-19,0,82,20,13,9,23,49,15,50,0
2023-06-20,0,85,21,15,9,25,45,17,46,0
2023-06-21,0,82,21,16,10,23,48,15,48,0
2023-06-22,0,79,22,13,11,20,44,12,43,0
2023-06-23,0,82,22,17,9,21,50,13,45,0
2023-06-24,0,85,26,19,6,25,51,12,44,0
2023-06-25,0,89,26,19,6,24,52,11,38,0
2023-06-26,0,81,24,19,10,26,51,12,47,0
2023-06-27,0,81,23,19,8,24,50,11,44,0
2023-06-28,0,80,22,20,9,22,49,12,41,0
2023-06-29,0,79,23,31,9,24,50,13,42,0
2023-06-30,0,90,24,50,8,28,48,10,41,0
2023-07-01,0,93,23,21,5,27,48,12,42,0
2023-07-02,0,83,25,19,5,26,54,9,38,0
2023-07-03,0,86,22,16,10,29,50,12,48,0
2023-07-04,0,86,22,17,9,24,52,15,44,0
2023-07-05,0,85,20,16,9,25,47,12,42,0
2023-07-06,0,94,22,16,9,25,47,13,46,0
2023-07-07,0,92,22,17,8,22,49,11,41,0
2023-07-08,2,88,21,17,5,25,43,12,37,0
2023-07-09,0,75,20,15,5,25,51,12,40,0
2023-07-10,0,76,18,17,8,23,45,13,54,0
2023-07-11,0,80,19,17,9,27,53,21,92,0
2023-07-12,0,79,18,17,8,22,46,12,50,0
2023-07-13,0,76,17,15,10,25,49,15,49,0
2023-07-14,0,81,19,17,8,25,49,11,47,0
2023-07-15,0,80,19,20,5,24,51,8,46,0
2023-07-16,0,75,18,17,6,28,53,10,42,0
2023-07-17,0,83,18,16,10,29,52,14,47,0
2023-07-18,0,84,18,14,10,23,51,14,46,0
2023-07-19,0,82,19,14,10,25,48,15,44,0
2023-07-20,0,79,17,15,8,29,43,13,47,0
2023-07-21,0,80,18,17,8,27,46,11,45,0
2023-07-22,0,84,22,23,7,30,51,20,100,0
2023-07-23,0,83,20,18,8,25,50,13,40,0
2023-07-24,0,76,20,18,10,23,49,15,50,0
2023-07-25,0,74,22,19,10,27,52,14,46,0
2023-07-26,0,71,21,17,10,23,49,14,50,0
2023-07-27,0,71,22,18,9,25,50,14,49,0
2023-07-28,0,76,20,21,8,25,45,12,41,0
2023-07-29,3,78,20,19,6,24,49,11,42,0
2023-07-30,2,71,19,19,5,23,54,11,41,0
2023-07-31,1,70,22,18,8,25,48,14,47,0
2023-08-01,3,77,21,14,10,22,45,16,48,0
2023-08-02,4,70,19,16,8,24,41,14,45,0
2023-08-03,3,78,21,15,10,26,47,13,43,0
2023-08-04,4,79,19,15,7,21,47,16,41,0
2023-08-05,10,86,20,20,6,27,46,12,38,0
2023-08-06,7,81,18,16,5,26,46,9,42,0
2023-08-07,4,74,18,17,10,24,39,13,48,0
2023-08-08,5,81,17,16,9,20,45,13,43,0
2023-08-09,8,81,18,16,7,24,45,11,36,0
2023-08-10,3,85,18,14,9,25,46,14,44,0
2023-08-11,3,78,17,13,8,23,44,12,42,0
2023-08-12,6,78,17,15,5,24,46,9,39,0
2023-08-13,7,74,18,13,5,24,47,11,37,0
2023-08-14,5,71,16,15,10,23,47,14,47,0
2023-08-15,5,69,16,14,10,22,42,15,46,0
2023-08-16,3,68,16,15,10,22,42,16,48,0
2023-08-17,3,72,19,14,10,25,46,17,41,0
2023-08-18,4,81,16,16,8,23,42,14,45,0
2023-08-19,11,73,18,16,5,20,45,10,34,0
2023-08-20,9,68,17,14,7,20,41,10,35,0
2023-08-21,6,72,19,17,10,26,42,14,40,0
2023-08-22,5,73,15,17,9,26,47,16,47,0
2023-08-23,3,71,18,18,10,25,42,18,45,0
2023-08-24,4,69,19,16,10,21,41,13,42,0
2023-08-25,10,68,21,18,8,22,44,13,39,0
2023-08-26,8,70,22,17,6,22,43,10,36,0
2023-08-27,9,69,20,17,5,20,46,9,34,0
2023-08-28,5,68,22,15,9,18,43,15,45,0
2023-08-29,4,71,22,16,9,25,46,18,43,0
2023-08-30,5,70,21,17,9,23,45,14,44,0
2023-08-31,3,72,22,14,9,23,42,15,43,0
2023-09-01,5,76,21,16,8,25,43,10,39,0
2023-09-02,8,69,20,15,5,23,45,10,33,0
2023-09-03,8,68,20,16,5,22,44,11,41,0
2023-09-04,5,71,20,16,9,23,42,14,49,0
2023-09-05,5,68,18,19,9,20,46,12,48,0
2023-09-06,6,69,19,14,9,26,45,17,48,0
2023-09-07,5,70,21,16,9,24,39,15,43,0
2023-09-08,15,76,19,16,6,23,45,13,39,2
2023-09-09,15,77,19,15,5,23,48,8,35,0
2023-09-10,24,71,17,13,6,21,45,11,34,0
2023-09-11,6,69,18,14,9,26,42,13,42,0
2023-09-12,4,71,17,14,9,49,46,14,43,0
2023-09-13,5,71,18,14,8,39,49,16,46,0
2023-09-14,6,73,18,16,8,26,45,14,45,0
2023-09-15,8,78,17,15,7,25,42,12,40,0
2023-09-16,11,80,18,12,6,20,45,13,35,0
2023-09-17,16,72,17,12,4,21,44,9,31,0
2023-09-18,5,75,20,14,10,26,45,18,43,0
2023-09-19,6,71,18,14,10,25,45,18,42,0
2023-09-20,7,70,18,13,8,22,36,16,38,0
2023-09-21,5,71,20,15,8,25,44,14,41,0
2023-09-22,5,77,20,15,7,23,46,14,39,0
2023-09-23,20,75,19,14,5,21,45,9,31,0
2023-09-24,10,71,21,16,5,21,46,7,30,0
2023-09-25,4,69,21,15,7,22,49,10,39,0
2023-09-26,6,71,21,15,9,24,51,14,43,2
2023-09-27,8,72,20,15,7,24,42,13,39,0
2023-09-28,5,80,22,13,10,24,53,11,45,0
2023-09-29,8,77,21,15,7,27,45,12,41,0
2023-09-30,9,76,22,17,5,24,49,9,33,0
2023-10-01,14,78,20,14,5,23,48,8,37,0
2023-10-02,5,77,21,16,8,23,44,12,44,0
2023-10-03,6,74,20,17,7,21,43,12,41,0
2023-10-04,5,72,18,14,9,21,42,14,42,0
2023-10-05,6,76,21,14,9,23,45,12,39,0
2023-10-06,6,79,22,16,7,23,47,13,37,0
2023-10-07,14,72,19,13,5,23,44,8,32,0
2023-10-08,10,65,19,12,5,23,43,8,36,0
2023-10-09,6,75,21,13,9,22,47,13,44,0
2023-10-10,6,75,17,13,9,25,42,13,43,0
2023-10-11,4,75,18,13,9,25,44,14,45,0
2023-10-12,8,71,20,12,8,23,44,11,45,0
2023-10-13,7,74,18,13,7,22,46,15,42,0
2023-10-14,18,76,20,16,5,21,44,9,36,0
2023-10-15,24,68,16,15,6,24,42,9,35,0
2023-10-16,7,66,17,18,9,22,40,13,38,0
2023-10-17,8,71,18,15,11,24,43,14,45,0
2023-10-18,4,75,17,17,8,23,41,15,44,0
2023-10-19,6,76,20,17,10,21,46,16,41,0
2023-10-20,15,84,20,17,8,22,39,9,35,0
2023-10-21,28,70,16,15,3,20,43,9,35,0
2023-10-22,10,75,19,15,5,24,46,8,35,0
2023-10-23,6,70,19,15,9,24,45,14,41,0
2023-10-24,9,77,18,15,8,22,42,13,37,0
2023-10-25,7,73,21,13,9,24,46,13,36,0
2023-10-26,6,75,23,15,7,22,43,12,40,0
2023-10-27,17,74,22,16,6,17,39,11,33,0
2023-10-28,48,63,15,13,4,20,44,7,30,0
2023-10-29,14,60,19,13,5,16,39,7,35,0
2023-10-30,8,64,19,16,8,26,41,11,40,0
2023-10-31,8,68,17,17,7,28,47,16,46,0
2023-11-01,11,67,21,17,7,23,44,12,42,0
2023-11-02,7,70,24,19,8,22,50,15,41,0
2023-11-03,7,74,23,16,8,23,46,13,39,0
2023-11-04,9,73,20,19,5,22,46,8,34,0
2023-11-05,12,66,20,16,4,22,49,10,38,0
2023-11-06,6,68,20,19,8,23,44,16,38,0
2023-11-07,8,68,19,15,8,22,45,14,44,0
2023-11-08,7,73,21,16,9,23,47,18,42,0
2023-11-09,6,74,19,18,8,23,44,18,44,0
2023-11-10,8,78,21,18,7,21,43,12,37,0
2023-11-11,11,74,21,17,5,27,47,11,38,0
2023-11-12,8,64,18,16,4,23,44,13,35,0
2023-11-13,5,66,21,18,9,24,49,23,83,0
2023-11-14,6,69,20,17,8,26,47,16,39,0
2023-11-15,9,71,21,17,7,25,42,13,43,0
2023-11-16,11,73,21,18,7,23,49,15,41,0
2023-11-17,6,75,22,21,8,29,47,11,40,0
2023-11-18,7,78,22,21,5,25,51,10,38,0
2023-11-19,9,68,23,21,5,27,53,10,34,0
2023-11-20,7,68,27,25,9,27,55,14,43,0
2023-11-21,5,68,26,24,8,27,51,12,47,0
2023-11-22,6,65,25,27,8,24,49,11,45,0
2023-11-23,5,69,27,31,7,24,58,12,46,0
2023-11-24,5,67,33,41,6,35,69,11,49,0
2023-11-25,9,66,27,30,4,25,57,10,39,0
2023-11-26,8,67,25,25,3,25,54,9,38,0
2023-11-27,5,70,30,25,6,27,50,12,44,0
2023-11-28,6,77,27,21,8,31,49,12,45,0
2023-11-29,7,72,23,23,7,28,47,14,43,0
2023-11-30,5,77,26,20,9,30,51,22,83,0
2023-12-01,4,78,27,20,6,25,47,11,38,0
2023-12-02,9,75,25,21,4,26,54,8,33,0
2023-12-03,9,69,26,19,4,24,42,9,34,0
2023-12-04,6,77,26,24,8,25,52,9,41,0
2023-12-05,6,100,25,19,7,24,48,11,39,0
2023-12-06,6,84,25,20,7,24,50,11,42,0
2023-12-07,5,83,23,20,7,26,47,12,40,0
2023-12-08,5,87,22,19,7,26,51,10,41,0
2023-12-09,9,78,21,20,3,19,52,10,35,0
2023-12-10,7,77,24,20,5,27,48,8,35,0
2023-12-11,6,73,24,21,7,22,50,11,43,0
2023-12-12,6,77,22,21,5,25,50,10,39,0
2023-12-13,6,83,25,20,8,24,45,10,43,0
2023-12-14,7,74,27,21,8,23,52,18,82,0
2023-12-15,7,83,28,29,4,29,48,9,40,0
2023-12-16,8,74,25,24,4,23,50,11,36,0
2023-12-17,9,70,25,21,3,24,53,6,33,0
2023-12-18,5,79,27,23,6,26,57,9,46,0
2023-12-19,6,76,26,22,6,23,49,9,39,0
2023-12-20,5,77,26,22,6,24,51,10,39,0
2023-12-21,5,78,28,24,5,27,49,8,40,0
2023-12-22,5,78,28,25,5,25,56,8,30,0
2023-12-23,9,71,24,22,4,21,50,9,34,0
2023-12-24,5,71,22,20,3,22,51,9,28,0
2023-12-25,5,78,17,13,4,23,52,8,34,0
2023-12-26,9,68,20,17,5,30,51,7,35,0
2023-12-27,9,74,18,18,3,28,50,9,39,0
2023-12-28,7,74,19,17,6,29,50,9,40,0
2023-12-29,6,70,18,17,6,24,53,7,38,0
2023-12-30,8,68,17,18,3,26,49,9,36,0
2023-12-31,5,74,14,16,4,21,47,6,27,0
2024-01-01,6,64,15,14,4,23,50,8,32,0
2024-01-02,6,64,17,19,7,23,54,8,39,0
2024-01-03,7,66,18,19,6,27,55,10,40,0
2024-01-04,6,68,18,16,7,27,56,9,47,0
2024-01-05,5,65,16,17,6,27,51,9,38,0
2024-01-06,7,66,15,16,5,25,58,11,45,0
2024-01-07,7,64,17,15,4,24,47,7,36,0
2024-01-08,6,66,17,19,9,31,54,11,50,0
2024-01-09,6,66,17,17,9,28,56,10,50,0
2024-01-10,7,80,20,19,11,24,48,18,78,0
2024-01-11,9,85,17,19,10,23,51,10,46,0
2024-01-12,6,95,19,20,10,26,47,10,44,0
2024-01-13,11,84,19,18,4,17,37,10,39,0
2024-01-14,9,75,16,20,7,23,47,8,39,0
2024-01-15,8,85,22,21,12,27,52,12,48,0
2024-01-16,10,84,19,19,12,22,46,14,49,0
2024-01-17,7,78,15,19,10,22,50,13,48,0
2024-01-18,10,78,16,16,10,21,56,14,42,0
2024-01-19,7,82,16,19,8,21,53,11,41,0
2024-01-20,12,81,20,22,7,24,58,11,41,0
2024-01-21,20,71,18,17,6,19,47,10,42,0
2024-01-22,8,72,18,18,11,22,42,15,42,0
2024-01-23,8,76,20,18,10,24,37,15,46,0
2024-01-24,10,68,20,17,11,23,43,14,45,0
2024-01-25,6,78,23,20,11,23,45,16,44,0
2024-01-26,8,79,23,20,10,25,46,14,48,0
2024-01-27,10,85,24,20,7,28,51,12,46,0
2024-01-28,10,78,23,20,6,24,48,12,40,0
2024-01-29,9,77,20,19,13,28,46,14,46,0
2024-01-30,12,79,26,18,13,26,40,15,44,0
2024-01-31,10,82,23,18,13,26,43,16,44,0
2024-02-01,8,87,21,19,13,27,46,22,86,0
2024-02-02,9,83,22,20,11,27,40,12,43,0
2024-02-03,15,84,24,21,8,25,45,12,40,0
2024-02-04,13,82,21,17,7,36,45,11,39,0
2024-02-05,7,76,21,17,13,36,46,16,51,0
2024-02-06,7,86,22,19,12,32,43,15,45,0
2024-02-07,17,82,20,16,11,33,39,15,40,0
2024-02-08,9,84,22,18,13,31,42,14,50,0
2024-02-09,9,84,22,20,13,34,47,14,50,0
2024-02-10,13,80,21,22,7,34,45,8,39,0
2024-02-11,13,83,20,16,9,31,48,13,45,0
2024-02-12,9,79,22,17,12,31,48,14,51,0
2024-02-13,9,88,19,16,13,31,42,16,48,0
2024-02-14,8,91,18,16,12,27,41,13,53,0
2024-02-15,9,88,19,18,13,25,46,15,50,0
2024-02-16,9,93,21,17,14,30,41,20,100,0
2024-02-17,16,88,21,20,8,27,46,10,47,0
2024-02-18,11,81,19,14,9,27,41,12,41,0
2024-02-19,8,88,19,18,17,31,41,18,50,0
2024-02-20,8,80,20,17,14,24,43,18,52,0
2024-02-21,10,83,21,18,16,24,38,16,49,0
2024-02-22,10,83,21,19,15,27,44,20,52,0
2024-02-23,10,79,24,23,11,24,47,12,50,0
2024-02-24,15,79,27,23,9,28,46,11,44,0
2024-02-25,15,74,22,17,9,27,44,13,42,0
2024-02-26,9,79,22,22,14,24,44,19,55,0
2024-02-27,9,76,19,21,15,24,47,18,51,0
2024-02-28,8,89,22,18,14,26,45,20,59,0
2024-02-29,7,80,25,22,15,25,42,20,50,0
2024-03-01,9,92,24,21,11,25,43,14,53,0
2024-03-02,14,84,26,21,6,25,46,11,51,0
2024-03-03,13,76,24,18,9,27,44,13,46,0
2024-03-04,9,79,22,21,15,26,42,17,56,0
2024-03-05,11,84,22,20,14,24,38,16,50,0
2024-03-06,10,83,20,20,15,22,38,17,53,0
2024-03-07,10,79,20,18,15,28,38,19,53,0
2024-03-08,7,83,22,18,14,24,39,15,53,0
2024-03-09,19,83,21,19,8,25,43,11,46,0
2024-03-10,12,75,21,19,9,25,45,12,45,0
2024-03-11,9,84,21,19,14,25,39,19,50,0
2024-03-12,9,83,21,21,15,27,45,28,86,0
2024-03-13,8,89,19,19,13,23,41,15,54,0
2024-03-14,8,86,20,19,48,23,45,16,53,0
2024-03-15,12,89,22,21,21,25,42,17,49,0
2024-03-16,15,91,20,18,10,26,46,12,43,0
2024-03-17,18,85,19,16,9,27,44,9,39,0
2024-03-18,10,88,19,18,17,25,45,19,47,0
2024-03-19,8,92,20,18,16,21,48,19,48,0
2024-03-20,9,93,24,22,14,25,49,13,55,0
2024-03-21,11,100,26,25,10,26,57,12,53,0
2024-03-22,10,90,23,20,12,25,45,12,45,0
2024-03-23,14,87,25,22,8,29,52,12,40,0
2024-03-24,9,97,28,24,10,26,47,11,41,0
2024-03-25,9,91,25,21,14,25,46,15,45,0
2024-03-26,8,96,25,21,13,23,49,15,51,0
2024-03-27,8,95,25,20,13,25,49,13,48,0
2024-03-28,7,100,26,21,12,23,46,12,46,0
2024-03-29,9,98,27,25,6,25,46,8,44,0
2024-03-30,15,87,27,25,6,25,47,8,34,0
2024-03-31,15,83,26,21,7,23,48,9,35,0
2024-04-01,10,90,23,21,11,25,47,10,40,0
2024-04-02,10,90,24,21,13,26,50,13,46,0
2024-04-03,10,85,19,17,14,25,43,14,44,0
2024-04-04,10,87,22,19,15,19,41,17,45,0
2024-04-05,9,88,21,20,10,23,42,9,42,0
2024-04-06,15,87,25,18,8,23,45,10,45,0
2024-04-07,15,79,23,17,8,23,43,10,38,0
2024-04-08,8,81,25,18,14,27,45,12,45,0
2024-04-09,13,77,23,16,13,25,42,13,45,0
2024-04-10,11,86,23,17,13,27,43,22,96,0
2024-04-11,8,79,21,20,14,24,41,15,46,0
2024-04-12,10,77,20,16,13,24,41,15,45,0
2024-04-13,14,81,20,19,7,23,46,11,43,0
2024-04-14,10,79,20,17,8,25,43,10,38,0
2024-04-15,8,76,21,16,13,23,45,15,48,0
2024-04-16,10,82,21,17,15,24,40,15,45,0
2024-04-17,11,81,21,16,12,25,40,18,42,0
2024-04-18,10,76,24,17,14,23,46,17,48,0
2024-04-19,7,77,22,17,13,28,40,13,43,0
2024-04-20,13,75,22,17,8,22,47,12,44,0
2024-04-21,12,66,23,17,8,22,43,10,38,0
2024-04-22,8,70,17,17,15,22,41,15,42,0
2024-04-23,8,71,22,17,13,24,40,12,44,0
2024-04-24,8,69,23,22,10,24,41,14,41,0
2024-04-25,6,68,25,21,12,27,42,13,43,0
2024-04-26,10,73,26,19,9,22,43,11,40,0
2024-04-27,12,60,27,21,8,23,45,19,95,0
2024-04-28,9,70,23,18,8,23,43,9,40,0
2024-04-29,9,66,26,19,13,24,45,13,46,0
2024-04-30,7,72,27,19,12,19,41,13,42,0
2024-05-01,10,77,26,20,8,25,43,14,43,0
2024-05-02,10,72,23,17,14,23,38,14,45,0
2024-05-03,9,76,24,19,13,22,43,13,42,0
2024-05-04,12,70,27,18,7,23,44,6,36,0
2024-05-05,11,65,24,15,8,25,41,11,35,0
2024-05-06,9,70,22,18,13,27,38,12,41,0
2024-05-07,10,72,21,16,12,25,46,12,40,0
2024-05-08,10,73,21,15,14,23,36,14,44,0
2024-05-09,7,73,23,19,14,26,43,17,45,0
2024-05-10,8,70,21,15,12,27,46,19,95,0
2024-05-11,11,73,23,17,8,23,43,11,35,0
2024-05-12,12,61,18,15,8,24,48,8,33,0
2024-05-13,10,68,24,19,15,26,45,14,42,0
2024-05-14,9,75,23,15,13,26,45,14,43,0
2024-05-15,9,72,23,16,12,24,43,19,43,0
2024-05-16,9,70,23,15,14,22,38,14,44,0
2024-05-17,8,74,22,17,11,26,43,10,46,0
2024-05-18,12,71,23,17,6,24,43,8,39,0
2024-05-19,13,60,24,16,8,24,38,11,41,0
2024-05-20,7,66,24,18,16,20,41,16,45,0
2024-05-21,7,70,27,15,14,23,42,15,47,0
2024-05-22,7,72,24,17,14,22,43,16,48,0
2024-05-23,9,71,25,19,14,27,41,17,44,0
2024-05-24,8,69,29,21,13,26,41,11,37,0
2024-05-25,13,67,31,47,8,25,43,10,37,0
2024-05-26,13,60,33,44,9,26,49,11,36,0
2024-05-27,9,68,38,28,10,28,41,15,44,0
2024-05-28,9,68,43,25,12,23,46,13,44,0
2024-05-29,10,69,37,21,10,25,42,10,38,0
2024-05-30,11,66,30,19,11,20,36,12,39,0
2024-05-31,11,65,32,18,9,22,41,11,40,0
2024-06-01,20,67,31,17,5,20,38,7,31,0
2024-06-02,12,63,30,16,5,25,46,9,37,0
2024-06-03,10,68,29,18,12,22,42,16,45,0
2024-06-04,10,76,28,20,13,25,45,16,50,0
2024-06-05,10,72,30,17,13,21,39,13,45,0
2024-06-06,9,71,26,19,11,23,45,10,44,0
2024-06-07,11,74,27,17,9,20,47,13,42,0
2024-06-08,14,69,29,19,8,27,42,12,36,0
2024-06-09,14,66,26,18,6,22,49,11,37,0
2024-06-10,9,75,24,19,14,34,48,23,92,0
2024-06-11,13,68,23,18,11,33,46,10,43,0
2024-06-12,9,75,29,17,12,34,46,13,46,0
2024-06-13,10,75,26,18,11,27,44,11,44,0
2024-06-14,14,71,25,19,8,30,48,12,38,0
2024-06-15,18,65,29,17,5,27,49,8,33,0
2024-06-16,15,65,23,17,6,25,49,8,31,0
2024-06-17,13,65,24,19,10,29,53,10,39,0
2024-06-18,11,72,26,18,13,26,47,14,43,0
2024-06-19,14,70,20,19,12,26,47,12,42,0
2024-06-20,11,69,25,18,11,27,49,11,39,0
2024-06-21,12,73,24,18,9,24,44,10,44,0
2024-06-22,20,64,26,18,9,28,47,9,38,0
2024-06-23,13,65,29,20,6,33,52,10,37,0
2024-06-24,10,70,26,18,12,26,47,13,46,0
2024-06-25,12,67,29,20,13,27,47,12,44,0
2024-06-26,11,71,29,23,12,24,46,11,41,0
2024-06-27,9,71,31,26,12,26,50,11,43,0
2024-06-28,8,73,30,32,10,25,51,12,44,0
2024-06-29,16,61,29,26,7,27,51,10,38,0
2024-06-30,14,65,28,28,5,26,49,7,37,0
2024-07-01,13,67,25,17,11,22,49,8,40,0
2024-07-02,14,76,26,18,13,25,54,11,46,0
2024-07-03,10,71,27,18,13,25,48,11,43,0
2024-07-04,9,72,26,20,12,26,50,12,43,0
2024-07-05,15,69,26,19,10,21,45,9,39,0
2024-07-06,28,65,20,20,6,27,42,8,26,0
2024-07-07,13,67,23,18,8,27,49,8,34,0
2024-07-08,10,64,22,21,14,26,47,12,41,0
2024-07-09,13,65,23,16,12,26,47,14,45,0
2024-07-10,11,72,23,16,11,25,46,20,91,0
2024-07-11,13,88,26,25,17,15,27,8,29,0
2024-07-12,15,91,28,23,14,18,30,7,27,0
2024-07-13,35,93,27,23,9,15,31,5,23,0
2024-07-14,27,82,26,22,9,17,31,5,21,0
2024-07-15,14,90,30,23,15,16,27,7,27,0
2024-07-16,11,91,29,25,17,15,30,9,29,0
2024-07-17,13,92,31,24,15,16,29,8,31,0
2024-07-18,12,93,34,26,16,16,30,7,29,0
2024-07-19,11,89,29,24,31,17,28,7,28,0
2024-07-20,24,99,29,30,14,17,29,11,60,0
2024-07-21,15,86,29,25,12,16,30,6,26,0
2024-07-22,12,85,28,26,17,16,25,10,28,0
2024-07-23,12,83,31,26,16,15,28,9,30,0
2024-07-24,14,87,30,26,15,17,30,9,27,0
2024-07-25,13,91,34,32,14,18,30,6,31,0
2024-07-26,17,90,33,34,12,16,29,6,27,0
2024-07-27,22,80,34,33,9,18,30,6,24,0
2024-07-28,26,78,29,31,9,21,27,7,24,0
2024-07-29,19,80,31,27,14,17,30,8,29,0
2024-07-30,14,83,30,28,16,15,29,8,30,0
2024-07-31,16,87,33,29,15,17,24,6,24,0
2024-08-01,17,88,31,31,15,16,27,8,28,0
2024-08-02,18,87,35,31,13,18,27,6,29,0
2024-08-03,21,81,30,29,8,19,30,6,25,0
2024-08-04,18,76,31,24,8,17,28,6,26,0
2024-08-05,16,85,32,26,16,16,28,9,30,0
2024-08-06,17,85,29,23,15,15,27,9,27,0
2024-08-07,16,81,30,27,16,15,24,9,30,0
2024-08-08,16,86,32,24,16,17,28,18,100,0
2024-08-09,20,96,31,27,10,17,30,6,25,0
2024-08-10,27,82,31,21,7,13,27,5,21,0
2024-08-11,21,84,26,22,10,17,24,7,23,0
2024-08-12,14,83,25,23,16,16,28,9,28,0
2024-08-13,12,84,26,21,17,17,27,10,29,0
2024-08-14,12,84,26,25,19,15,25,8,27,0
2024-08-15,14,89,26,25,15,16,26,10,29,0
2024-08-16,16,86,30,26,16,16,25,7,23,0
2024-08-17,31,76,30,27,10,14,27,6,22,0
2024-08-18,25,79,28,25,8,14,27,5,22,0
2024-08-19,13,85,31,24,18,16,26,10,26,0
2024-08-20,17,89,31,31,16,15,26,7,30,0
2024-08-21,14,83,30,27,18,12,29,10,29,0
2024-08-22,13,85,31,26,16,15,26,9,30,0
2024-08-23,14,88,32,27,14,16,30,5,27,0
2024-08-24,19,83,36,30,7,15,28,6,23,0
2024-08-25,19,78,36,28,11,15,30,12,59,0
2024-08-26,11,83,34,30,16,17,27,8,23,0
2024-08-27,12,83,34,26,15,16,27,7,28,0
2024-08-28,16,82,32,27,14,16,27,8,26,0
2024-08-29,13,87,35,25,15,17,30,7,28,0
2024-08-30,12,90,36,27,16,18,28,7,26,0
2024-08-31,33,78,33,26,9,15,28,6,21,0
2024-09-01,23,79,32,26,10,16,27,6,23,0
2024-09-02,13,79,31,24,15,15,28,8,31,0
2024-09-03,12,89,29,24,15,16,24,9,27,0
2024-09-04,11,87,32,26,15,16,29,8,24,0
2024-09-05,11,90,31,23,16,17,29,8,27,0
2024-09-06,16,94,31,23,13,15,27,7,26,0
2024-09-07,34,86,30,21,6,18,26,7,22,0
2024-09-08,14,85,26,25,9,22,28,6,22,0
2024-09-09,14,86,30,23,17,33,28,9,30,0
2024-09-10,18,86,30,26,17,26,28,12,61,0
2024-09-11,14,92,28,23,17,24,29,7,30,0
2024-09-12,13,85,32,27,15,21,30,9,26,0
2024-09-13,13,92,33,24,14,19,29,6,26,0
2024-09-14,27,79,30,24,8,19,29,5,21,0
2024-09-15,19,88,29,25,10,20,28,5,22,2
2024-09-16,14,85,33,26,16,18,28,7,27,0
2024-09-17,17,85,25,23,14,19,26,8,26,0
2024-09-18,18,83,29,24,14,16,27,8,25,0
2024-09-19,13,88,30,26,14,18,29,10,54,0
2024-09-20,14,92,26,28,14,21,27,6,23,0
2024-09-21,34,79,26,22,9,20,26,4,19,0
2024-09-22,21,82,31,25,9,18,30,5,20,0
2024-09-23,14,90,34,29,13,17,29,7,26,0
2024-09-24,19,86,29,27,9,17,28,6,25,0
2024-09-25,20,83,32,27,14,17,28,6,26,0
2024-09-26,12,88,32,27,15,19,28,6,26,0
2024-09-27,13,91,35,30,12,17,32,6,25,0
2024-09-28,36,74,32,23,7,14,24,4,20,0
2024-09-29,16,75,31,25,11,15,26,4,21,0
2024-09-30,13,83,32,28,14,18,26,6,31,0
2024-10-01,14,81,37,28,16,18,27,8,26,0
2024-10-02,15,86,30,25,13,18,25,6,24,0
2024-10-03,13,79,31,24,16,15,28,9,25,0
2024-10-04,13,91,33,25,12,15,27,6,23,0
2024-10-05,26,80,33,26,9,14,24,3,18,0
2024-10-06,17,80,31,25,8,19,30,4,20,0
2024-10-07,13,82,32,24,15,16,26,8,25,0
2024-10-08,11,89,31,21,17,17,30,13,55,0
2024-10-09,11,88,29,24,15,18,26,8,26,0
2024-10-10,11,87,27,23,14,16,27,8,24,0
2024-10-11,16,85,31,22,11,15,29,7,25,0
2024-10-12,14,82,33,24,9,16,31,4,22,0
2024-10-13,16,79,33,28,11,16,29,6,21,0
2024-10-14,9,78,32,24,14,16,26,8,24,0
2024-10-15,13,78,29,26,15,17,25,8,27,0
2024-10-16,8,83,28,27,15,14,29,8,26,0
2024-10-17,11,81,31,27,20,17,30,7,28,0
2024-10-18,13,83,26,23,13,17,27,8,26,0
2024-10-19,24,79,30,22,10,16,24,6,19,0
2024-10-20,20,85,30,18,9,14,25,6,21,0
2024-10-21,12,82,27,25,16,17,25,9,24,0
2024-10-22,14,75,30,27,15,14,25,7,25,0
2024-10-23,18,80,30,24,15,15,24,7,24,0
2024-10-24,14,82,33,26,15,16,24,7,24,0
2024-10-25,13,85,35,28,12,17,27,6,22,0
2024-10-26,20,82,31,28,7,14,25,4,21,0
2024-10-27,17,71,30,31,10,17,28,4,21,0
2024-10-28,15,83,36,31,15,19,28,7,26,0
2024-10-29,14,83,35,32,13,17,29,8,25,0
2024-10-30,20,84,34,28,15,19,27,7,26,0
2024-10-31,13,84,37,32,12,17,27,7,26,0
2024-11-01,13,95,39,34,12,17,29,9,25,0
2024-11-02,29,78,33,33,7,18,25,3,21,0
2024-11-03,20,84,31,30,10,16,29,6,20,0
2024-11-04,13,86,31,33,14,18,27,8,27,0
2024-11-05,17,86,29,31,14,18,24,11,25,0
2024-11-06,18,80,30,25,12,16,25,8,23,0
2024-11-07,14,88,30,29,14,17,26,9,25,0
2024-11-08,17,93,32,32,13,16,29,5,26,0
2024-11-09,17,92,33,32,7,19,28,5,23,0
2024-11-10,32,77,28,24,8,20,29,3,23,0
2024-11-11,13,84,31,34,13,19,30,12,67,0
2024-11-12,13,87,30,33,14,20,27,7,28,0
2024-11-13,10,80,30,28,15,20,30,7,28,0
2024-11-14,13,87,29,32,14,18,30,8,25,0
2024-11-15,14,84,29,32,10,19,29,7,24,0
2024-11-16,23,83,35,32,5,17,29,6,23,0
2024-11-17,14,83,37,33,7,20,31,4,23,0
2024-11-18,11,83,33,34,16,20,33,8,29,0
2024-11-19,15,85,32,34,16,18,31,8,27,0
2024-11-20,11,89,31,34,15,20,30,5,26,0
2024-11-21,10,86,36,35,13,19,30,7,29,0
2024-11-22,10,85,37,38,11,18,31,8,25,0
2024-11-23,26,79,35,36,8,20,30,5,21,0
2024-11-24,16,77,38,38,8,15,32,5,21,0
2024-11-25,11,82,47,48,15,18,32,5,27,0
2024-11-26,14,82,45,46,14,22,34,7,27,0
2024-11-27,15,85,49,44,13,19,35,7,30,0
2024-11-28,11,81,51,52,13,21,39,6,31,0
2024-11-29,10,87,57,62,10,26,43,7,30,0
2024-11-30,17,88,45,48,7,19,37,5,22,0
2024-12-01,20,79,39,47,8,19,35,6,22,0
2024-12-02,13,87,48,49,15,20,36,7,24,0
2024-12-03,11,91,43,41,12,22,33,7,26,0
2024-12-04,16,82,42,40,12,21,31,8,25,0
2024-12-05,12,88,41,37,11,20,30,7,23,0
2024-12-06,12,100,42,39,10,17,29,6,23,0
2024-12-07,18,76,37,36,5,17,31,2,18,0
2024-12-08,17,77,42,35,7,17,31,5,20,0
2024-12-09,10,87,41,40,14,17,31,6,25,0
2024-12-10,16,85,37,43,13,20,31,6,26,0
2024-12-11,13,98,41,37,13,22,34,11,65,0
2024-12-12,12,89,41,42,13,21,33,5,22,0
2024-12-13,13,80,42,45,10,19,29,6,23,0
2024-12-14,17,76,38,43,8,18,34,6,20,0
2024-12-15,20,80,40,36,6,18,32,5,19,0
2024-12-16,13,83,39,38,7,17,30,4,21,0
2024-12-17,14,90,42,40,10,20,33,6,24,0
2024-12-18,13,91,42,40,7,20,31,5,23,0
2024-12-19,16,91,39,36,10,20,33,5,25,0
2024-12-20,11,83,42,43,7,17,31,5,23,0
2024-12-21,20,86,40,39,7,20,30,4,18,0
2024-12-22,16,81,40,37,6,20,29,4,19,0
2024-12-23,11,84,43,43,7,23,30,6,26,0
2024-12-24,15,85,39,37,7,19,30,3,19,0
2024-12-25,14,89,31,23,5,21,30,4,18,0
2024-12-26,19,86,29,35,6,21,31,4,22,0
2024-12-27,13,81,30,35,6,17,31,4,20,0
2024-12-28,16,87,31,30,6,19,33,4,20,0
2024-12-29,20,77,28,25,6,21,30,4,16,0
2024-12-30,16,87,29,37,7,21,33,5,23,0
2024-12-31,11,81,22,34,8,18,31,4,17,0
2025-01-01,14,93,25,22,7,18,32,4,23,0
2025-01-02,15,83,25,30,8,19,34,6,24,0
2025-01-03,16,79,28,31,7,21,33,5,26,0
2025-01-04,19,83,23,30,7,24,30,5,18,0
2025-01-05,23,82,25,29,7,20,31,5,22,0
2025-01-06,15,86,25,29,15,19,35,7,32,0
2025-01-07,14,85,23,38,12,20,30,8,34,0
2025-01-08,16,92,26,31,13,17,30,6,31,0
2025-01-09,13,87,26,32,13,15,32,8,32,0
2025-01-10,12,88,25,30,12,19,28,14,71,0
2025-01-11,19,91,27,27,9,16,32,5,27,0
2025-01-12,24,78,26,26,7,26,42,7,37,0
2025-01-13,15,85,21,30,14,25,41,10,45,0
2025-01-14,15,80,23,26,14,24,34,11,43,0
2025-01-15,13,79,22,26,14,22,34,13,41,0
2025-01-16,15,80,22,26,17,24,34,11,42,0
2025-01-17,12,79,23,27,13,22,39,13,40,0
2025-01-18,23,78,22,23,7,26,39,11,34,0
2025-01-19,20,78,25,24,11,22,34,10,35,0
2025-01-20,13,79,21,24,16,23,37,13,42,0
2025-01-21,16,84,24,22,18,24,34,12,43,0
2025-01-22,17,75,25,27,15,25,39,11,42,0
2025-01-23,15,79,24,28,13,22,45,15,43,0
2025-01-24,15,82,24,32,13,23,41,10,43,0
2025-01-25,20,72,33,33,7,24,41,9,36,0
2025-01-26,21,72,27,32,10,24,42,8,35,0
2025-01-27,13,78,28,30,13,23,39,13,40,2
2025-01-28,11,80,25,29,15,23,40,13,39,0
2025-01-29,16,80,27,29,16,22,35,12,41,0
2025-01-30,15,86,28,29,16,26,37,14,42,0
2025-01-31,15,86,28,32,13,23,40,11,42,0
2025-02-01,34,76,27,31,8,22,42,8,41,0
2025-02-02,23,77,30,31,10,26,40,9,36,0
2025-02-03,14,77,28,29,17,22,37,12,46,0
2025-02-04,15,83,28,27,16,26,37,13,44,0
2025-02-05,17,89,26,28,15,26,38,12,43,0
2025-02-06,19,83,27,26,17,23,42,12,46,0
2025-02-07,17,86,27,25,15,25,38,10,41,0
2025-02-08,34,89,25,26,10,23,40,9,42,0
2025-02-09,24,78,29,24,11,25,41,7,36,0
2025-02-10,16,82,26,26,19,25,37,21,94,0
2025-02-11,21,79,25,31,15,23,37,14,47,0
2025-02-12,18,88,27,31,15,22,39,14,46,0
2025-02-13,16,86,27,28,17,21,32,12,47,0
2025-02-14,16,88,24,26,13,27,39,10,47,0
2025-02-15,26,90,28,30,13,26,42,11,46,0
2025-02-16,19,80,23,24,10,27,39,8,44,0
2025-02-17,18,82,25,29,17,23,35,12,53,0
2025-02-18,18,86,22,27,19,24,39,16,46,0
2025-02-19,23,84,20,24,18,29,35,12,48,0
2025-02-20,15,86,23,27,16,23,39,14,46,0
2025-02-21,17,86,24,27,15,26,43,10,48,0
2025-02-22,26,85,25,28,12,24,36,9,38,0
2025-02-23,26,73,24,30,10,22,38,12,47,0
2025-02-24,15,74,26,34,19,26,40,12,53,0
2025-02-25,14,81,25,37,18,27,40,15,47,0
2025-02-26,17,82,28,33,16,22,37,12,51,0
2025-02-27,16,81,30,34,18,25,38,11,49,0
2025-02-28,15,85,31,38,16,27,38,12,47,0
2025-03-01,30,84,28,32,11,21,38,8,43,0
2025-03-02,18,80,28,29,11,25,39,8,45,0
2025-03-03,18,85,26,31,17,24,43,13,51,0
2025-03-04,19,90,25,30,19,24,34,14,48,0
2025-03-05,23,87,27,30,17,26,37,13,47,0
2025-03-06,15,85,23,30,19,23,32,14,47,0
2025-03-07,14,91,30,28,16,26,40,21,100,0
2025-03-08,32,86,25,28,11,25,36,9,36,0
2025-03-09,21,73,25,25,12,32,35,12,40,0
2025-03-10,15,87,25,31,18,41,38,16,51,0
2025-03-11,21,81,22,27,16,26,36,14,44,0
2025-03-12,20,85,25,23,19,22,36,14,46,0
2025-03-13,23,82,29,26,19,23,37,13,50,0
2025-03-14,18,92,24,28,16,27,40,9,42,0
2025-03-15,25,93,27,30,12,24,40,9,43,0
2025-03-16,38,77,25,24,10,23,38,9,38,0
2025-03-17,20,86,25,26,22,23,38,14,47,0
2025-03-18,14,85,24,29,22,25,37,13,50,0
2025-03-19,14,93,30,26,19,26,38,13,53,0
2025-03-20,17,96,25,31,19,24,34,13,51,0
2025-03-21,22,97,31,30,12,24,44,8,46,0
2025-03-22,20,90,25,28,13,21,41,6,40,0
2025-03-23,26,77,25,24,12,24,42,11,43,0
2025-03-24,13,83,28,28,18,22,39,12,44,0
2025-03-25,16,85,32,30,18,23,39,12,45,0
2025-03-26,12,89,28,32,17,25,42,10,44,0
2025-03-27,14,86,32,30,17,27,39,11,44,0
2025-03-28,15,86,33,37,13,24,36,10,42,0
2025-03-29,19,82,26,31,9,21,36,8,36,0
2025-03-30,20,83,30,30,10,26,43,8,38,0
2025-03-31,13,90,29,30,17,24,41,10,48,0
2025-04-01,27,87,28,32,16,25,38,9,43,0
2025-04-02,18,90,29,30,15,24,36,10,42,0
2025-04-03,17,91,29,32,18,25,38,10,43,0
2025-04-04,12,93,32,29,15,25,36,9,40,0
2025-04-05,22,85,26,29,10,22,40,6,36,0
2025-04-06,19,80,26,26,13,24,40,7,38,0
2025-04-07,14,94,26,33,18,24,35,13,46,0
2025-04-08,18,82,25,27,18,23,35,13,43,0
2025-04-09,18,84,24,26,19,22,37,19,95,0
2025-04-10,17,89,22,25,25,21,32,11,39,0
2025-04-11,17,90,21,27,18,25,34,9,41,0
2025-04-12,21,82,25,27,12,25,37,10,37,0
2025-04-13,28,76,22,22,11,23,36,8,35,0
2025-04-14,15,84,25,26,19,24,34,12,38,0
2025-04-15,16,90,25,25,19,25,32,12,41,0
2025-04-16,19,86,24,26,14,22,33,10,39,0
2025-04-17,14,89,25,28,14,23,34,8,38,0
2025-04-18,15,86,27,28,8,22,40,7,38,0
2025-04-19,23,79,26,23,7,23,37,6,31,0
2025-04-20,22,82,22,26,8,22,39,7,34,0
2025-04-21,15,81,27,27,11,26,41,9,41,0
2025-04-22,16,79,25,27,15,23,31,11,44,0
2025-04-23,14,84,24,28,16,23,36,12,46,0
2025-04-24,14,82,28,26,17,22,37,11,42,0
2025-04-25,18,80,29,28,14,21,36,11,37,0
2025-04-26,22,77,29,29,7,25,37,9,35,0
2025-04-27,21,77,31,31,10,18,35,6,34,0
2025-04-28,15,78,27,36,13,24,43,7,41,0
2025-04-29,17,80,25,26,12,21,36,10,43,0
2025-04-30,18,83,29,28,13,27,39,9,41,0
2025-05-01,19,97,34,31,11,25,42,9,35,0
2025-05-02,21,87,30,26,13,21,37,9,43,0
2025-05-03,30,73,29,25,10,20,36,5,27,0
2025-05-04,19,75,29,21,9,23,37,11,31,0
2025-05-05,13,83,26,24,18,23,38,10,37,0
2025-05-06,19,85,25,26,18,22,37,10,40,0
2025-05-07,19,88,26,23,16,22,35,12,39,0
2025-05-08,15,81,75,24,14,22,35,13,40,0
2025-05-09,12,87,33,26,15,20,36,21,86,0
2025-05-10,35,84,27,19,10,21,33,17,90,0
2025-05-11,22,77,30,22,10,22,38,6,34,0
2025-05-12,15,84,27,25,18,24,34,10,45,0
2025-05-13,18,82,27,26,18,21,33,12,43,0
2025-05-14,16,85,29,25,16,22,35,11,41,0
2025-05-15,17,79,28,26,16,20,34,10,43,0
2025-05-16,16,83,25,24,14,22,36,9,38,0
2025-05-17,24,81,27,23,8,20,37,5,32,0
2025-05-18,23,79,26,25,11,22,38,10,36,0
2025-05-19,14,83,26,25,16,26,35,14,44,0
2025-05-20,18,84,27,28,17,23,34,13,41,0
2025-05-21,21,86,27,24,17,20,36,11,39,0
2025-05-22,13,85,31,30,14,17,33,11,41,0
2025-05-23,16,82,31,33,13,27,39,13,41,0
2025-05-24,19,84,32,28,8,22,38,9,34,0
2025-05-25,22,81,31,27,11,25,38,8,32,0
2025-05-26,13,80,26,28,17,23,37,10,41,2
2025-05-27,15,87,29,27,17,21,37,14,44,0
2025-05-28,16,80,31,29,16,22,35,12,38,0
2025-05-29,14,79,31,25,16,25,36,11,47,0
2025-05-30,17,87,32,30,13,22,37,8,36,0
2025-05-31,23,81,30,27,9,20,36,9,31,0
2025-06-01,23,82,29,28,10,22,37,8,33,0
2025-06-02,14,88,29,32,16,26,36,13,37,0
2025-06-03,16,90,28,29,13,27,39,11,42,0
2025-06-04,16,91,28,27,14,22,34,12,40,0
2025-06-05,17,85,24,31,15,22,31,11,39,0
2025-06-06,18,87,29,26,13,23,35,9,34,0
2025-06-07,23,91,33,23,10,22,37,10,38,0
2025-06-08,29,85,26,24,9,24,39,9,31,0
2025-06-09,15,87,25,26,15,27,33,12,39,0
2025-06-10,16,86,28,28,17,34,35,21,94,0
2025-06-11,16,81,26,31,14,26,35,13,42,0
2025-06-12,20,89,25,24,18,24,35,12,37,0
2025-06-13,19,100,34,26,14,27,36,10,39,0
2025-06-14,26,96,34,23,8,27,36,8,30,0
2025-06-15,26,85,26,25,8,30,37,6,28,0
2025-06-16,16,93,28,28,10,29,37,8,31,0
2025-06-17,17,81,28,27,15,27,39,10,37,0
2025-06-18,17,91,26,22,12,25,33,12,37,0
2025-06-19,16,91,24,21,13,36,33,12,41,0
2025-06-20,16,91,24,26,14,23,34,11,35,0
2025-06-21,18,75,25,24,8,26,36,11,32,0
2025-06-22,23,85,26,26,9,24,42,8,34,0
2025-06-23,18,84,27,29,14,20,33,10,46,0
2025-06-24,15,87,24,28,17,26,36,11,39,0
2025-06-25,16,80,31,30,14,23,33,7,34,0
2025-06-26,13,87,29,29,12,24,35,9,36,0
2025-06-27,13,90,30,36,16,23,42,8,33,0
2025-06-28,30,79,28,35,8,22,40,6,26,0
2025-06-29,22,87,32,34,9,22,44,5,33,0
2025-06-30,17,86,32,30,12,24,40,9,42,0
2025-07-01,17,88,28,29,16,22,33,9,36,0
2025-07-02,17,90,34,27,13,24,34,10,44,0
2025-07-03,14,92,33,27,14,25,32,12,40,0
2025-07-04,17,88,31,25,10,20,38,7,33,0
